city,station_name,station_id,co,date,no2,o3,pm10,pm25,so2,sub_pm25,sub_pm10,sub_no2,sub_o3,sub_co,sub_so2,aqi,dominant_pollutant
Pune,"Revenue Colony-Shivajinagar, Pune - IITM",11613,,2020-11-13,,,118.9,45.0,,74.6,112.9,,,,,112.9,pm10
Pune,"Revenue Colony-Shivajinagar, Pune - IITM",11613,,2020-11-14,,,161.1,85.4,,184.4,140.9,,,,,184.4,pm25
Pune,"Revenue Colony-Shivajinagar, Pune - IITM",11613,,2020-11-15,,,99.6,68.3,,126.0,99.6,,,,,126.0,pm25
Pune,"Revenue Colony-Shivajinagar, Pune - IITM",11613,,2020-11-16,,,14.9,10.3,,17.2,14.9,,,,,17.2,pm25
Pune,"Revenue Colony-Shivajinagar, Pune - IITM",11613,,2020-11-17,,,,,,,,,,,,,
Pune,"Revenue Colony-Shivajinagar, Pune - IITM",11613,,2020-11-18,,,,,,,,,,,,,
Pune,"Revenue Colony-Shivajinagar, Pune - IITM",11613,,2020-11-19,,,,,,,,,,,,,
Pune,"Revenue Colony-Shivajinagar, Pune - IITM",11613,,2020-11-20,,,0.0,0.0,,0.0,0.0,,,,,0.0,pm25
Pune,"Revenue Colony-Shivajinagar, Pune - IITM",11613,,2020-11-21,,,7.5,5.2,,8.7,7.5,,,,,8.7,pm25
Pune,"Revenue Colony-Shivajinagar, Pune - IITM",11613,,2020-11-22,,,,,,,,,,,,,
Pune,"Revenue Colony-Shivajinagar, Pune - IITM",11613,,2020-11-23,,,55.9,39.9,,66.0,55.9,,,,,66.0,pm25
Pune,"Revenue Colony-Shivajinagar, Pune - IITM",11613,,2020-11-24,,,106.7,73.0,,142.0,104.8,,,,,142.0,pm25
Pune,"Revenue Colony-Shivajinagar, Pune - IITM",11613,,2020-11-25,,,122.7,83.4,,177.6,115.4,,,,,177.6,pm25
Pune,"Revenue Colony-Shivajinagar, Pune - IITM",11613,,2020-11-26,,,132.2,89.5,,198.2,121.8,,,,,198.2,pm25
Pune,"Revenue Colony-Shivajinagar, Pune - IITM",11613,,2020-11-27,,,86.8,60.0,,99.9,86.8,,,,,99.9,pm25
Pune,"Revenue Colony-Shivajinagar, Pune - IITM",11613,,2020-11-28,,,63.8,45.0,,74.6,63.8,,,,,74.6,pm25
Pune,"Revenue Colony-Shivajinagar, Pune - IITM",11613,,2020-11-29,,,55.9,39.9,,66.0,55.9,,,,,66.0,pm25
Pune,"Revenue Colony-Shivajinagar, Pune - IITM",11613,,2020-11-30,,,288.4,211.1,,370.1,238.4,,,,,370.1,pm25
Pune,"Revenue Colony-Shivajinagar, Pune - IITM",11613,,2020-12-01,,,101.4,69.5,,129.9,101.3,,,,,129.9,pm25
Pune,"Revenue Colony-Shivajinagar, Pune - IITM",11613,,2020-12-02,,,131.8,89.3,,197.5,121.5,,,,,197.5,pm25
Pune,"Revenue Colony-Shivajinagar, Pune - IITM",11613,,2020-12-03,,,,,,,,,,,,,
Pune,"Revenue Colony-Shivajinagar, Pune - IITM",11613,,2020-12-04,,,104.9,71.8,,137.7,103.6,,,,,137.7,pm25
Pune,"Revenue Colony-Shivajinagar, Pune - IITM",11613,,2020-12-05,,,0.0,3.6,,5.9,0.0,,,,,5.9,pm25
Pune,"Revenue Colony-Shivajinagar, Pune - IITM",11613,,2020-12-06,,,148.0,99.8,,231.0,132.2,,,,,231.0,pm25
Pune,"Revenue Colony-Shivajinagar, Pune - IITM",11613,,2020-12-07,,,25.0,19.8,,33.0,25.0,,,,,33.0,pm25
Pune,"Revenue Colony-Shivajinagar, Pune - IITM",11613,,2020-12-08,,,9.1,9.5,,15.8,9.1,,,,,15.8,pm25
Pune,"Revenue Colony-Shivajinagar, Pune - IITM",11613,,2020-12-09,,,25.0,18.9,,31.5,25.0,,,,,31.5,pm25
Pune,"Revenue Colony-Shivajinagar, Pune - IITM",11613,,2020-12-10,,,66.6,46.8,,77.8,66.6,,,,,77.8,pm25
Pune,"Revenue Colony-Shivajinagar, Pune - IITM",11613,,2020-12-11,,,61.1,43.3,,71.8,61.1,,,,,71.8,pm25
Pune,"Revenue Colony-Shivajinagar, Pune - IITM",11613,,2020-12-12,,,,,,,,,,,,,
Pune,"Revenue Colony-Shivajinagar, Pune - IITM",11613,,2020-12-13,,,100.0,51.4,,85.5,100.0,,,,,100.0,pm10
Pune,"Revenue Colony-Shivajinagar, Pune - IITM",11613,,2020-12-14,,,143.6,73.8,,144.5,129.3,,,,,144.5,pm25
Pune,"Revenue Colony-Shivajinagar, Pune - IITM",11613,,2020-12-15,,,107.4,53.9,,89.7,105.2,,,,,105.2,pm10
Pune,"Revenue Colony-Shivajinagar, Pune - IITM",11613,,2020-12-16,,,82.2,39.3,,65.0,82.2,,,,,82.2,pm10
Pune,"Revenue Colony-Shivajinagar, Pune - IITM",11613,,2020-12-17,,,91.6,46.4,,77.0,91.6,,,,,91.6,pm10
Pune,"Revenue Colony-Shivajinagar, Pune - IITM",11613,,2020-12-18,,,98.8,48.5,,80.6,98.8,,,,,98.8,pm10
Pune,"Revenue Colony-Shivajinagar, Pune - IITM",11613,,2020-12-19,,,,,,,,,,,,,
Pune,"Revenue Colony-Shivajinagar, Pune - IITM",11613,,2020-12-20,,,135.8,73.6,,144.0,124.1,,,,,144.0,pm25
Pune,"Revenue Colony-Shivajinagar, Pune - IITM",11613,,2020-12-21,,,178.2,128.0,,306.4,152.3,,,,,306.4,pm25
Pune,"Revenue Colony-Shivajinagar, Pune - IITM",11613,,2020-12-22,,,,,,,,,,,,,
Pune,"Revenue Colony-Shivajinagar, Pune - IITM",11613,,2020-12-23,,,136.8,69.5,,130.1,124.8,,,,,130.1,pm25
Pune,"Revenue Colony-Shivajinagar, Pune - IITM",11613,,2020-12-24,,,146.4,72.9,,141.7,131.1,,,,,141.7,pm25
Pune,"Revenue Colony-Shivajinagar, Pune - IITM",11613,,2020-12-25,,,35.7,18.3,,30.5,35.7,,,,,35.7,pm10
Pune,"Revenue Colony-Shivajinagar, Pune - IITM",11613,,2020-12-26,,,105.1,56.7,,94.5,103.7,,,,,103.7,pm10
Pune,"Revenue Colony-Shivajinagar, Pune - IITM",11613,,2020-12-27,,,114.7,63.7,,110.3,110.1,,,,,110.3,pm25
Pune,"Revenue Colony-Shivajinagar, Pune - IITM",11613,,2020-12-28,,,128.9,72.6,,140.8,119.5,,,,,140.8,pm25
Pune,"Revenue Colony-Shivajinagar, Pune - IITM",11613,,2020-12-29,,,108.9,57.2,,95.3,106.3,,,,,106.3,pm10
Pune,"Revenue Colony-Shivajinagar, Pune - IITM",11613,,2020-12-30,,,155.7,77.4,,157.1,137.3,,,,,157.1,pm25
Pune,"Revenue Colony-Shivajinagar, Pune - IITM",11613,,2020-12-31,,,,,,,,,,,,,
Pune,"Revenue Colony-Shivajinagar, Pune - IITM",11613,,2021-01-01,,,,,,,,,,,,,
Pune,"Revenue Colony-Shivajinagar, Pune - IITM",11613,,2021-01-02,,,,,,,,,,,,,
Pune,"Revenue Colony-Shivajinagar, Pune - IITM",11613,,2021-01-03,,,,,,,,,,,,,
Pune,"Revenue Colony-Shivajinagar, Pune - IITM",11613,,2021-01-04,,,,,,,,,,,,,
Pune,"Revenue Colony-Shivajinagar, Pune - IITM",11613,,2021-01-05,,,,,,,,,,,,,
Pune,"Revenue Colony-Shivajinagar, Pune - IITM",11613,,2021-01-06,,,,,,,,,,,,,
Pune,"Revenue Colony-Shivajinagar, Pune - IITM",11613,,2021-01-07,,,,,,,,,,,,,
Pune,"Revenue Colony-Shivajinagar, Pune - IITM",11613,,2021-01-08,,,,,,,,,,,,,
Pune,"Revenue Colony-Shivajinagar, Pune - IITM",11613,,2021-01-09,,,,,,,,,,,,,
Pune,"Revenue Colony-Shivajinagar, Pune - IITM",11613,,2021-01-10,,,,,,,,,,,,,
Pune,"Revenue Colony-Shivajinagar, Pune - IITM",11613,,2021-01-11,,,,,,,,,,,,,
Pune,"Revenue Colony-Shivajinagar, Pune - IITM",11613,,2021-01-12,,,,,,,,,,,,,
Pune,"Revenue Colony-Shivajinagar, Pune - IITM",11613,,2021-01-13,,,,,,,,,,,,,
Pune,"Revenue Colony-Shivajinagar, Pune - IITM",11613,,2021-01-14,,,,,,,,,,,,,
Pune,"Revenue Colony-Shivajinagar, Pune - IITM",11613,,2021-01-15,,,,,,,,,,,,,
Pune,"Revenue Colony-Shivajinagar, Pune - IITM",11613,,2021-01-16,,,,,,,,,,,,,
Pune,"Revenue Colony-Shivajinagar, Pune - IITM",11613,,2021-01-17,,,,,,,,,,,,,
Pune,"Revenue Colony-Shivajinagar, Pune - IITM",11613,,2021-01-18,,,,,,,,,,,,,
Pune,"Revenue Colony-Shivajinagar, Pune - IITM",11613,,2021-01-19,,,,,,,,,,,,,
Pune,"Revenue Colony-Shivajinagar, Pune - IITM",11613,,2021-01-20,,,,,,,,,,,,,
Pune,"Revenue Colony-Shivajinagar, Pune - IITM",11613,,2021-01-21,,,,,,,,,,,,,
Pune,"Revenue Colony-Shivajinagar, Pune - IITM",11613,,2021-01-22,,,,,,,,,,,,,
Pune,"Revenue Colony-Shivajinagar, Pune - IITM",11613,,2021-01-23,,,,,,,,,,,,,
Pune,"Revenue Colony-Shivajinagar, Pune - IITM",11613,,2021-01-24,,,,,,,,,,,,,
Pune,"Revenue Colony-Shivajinagar, Pune - IITM",11613,,2021-01-25,,,,,,,,,,,,,
Pune,"Revenue Colony-Shivajinagar, Pune - IITM",11613,,2021-01-26,,,,,,,,,,,,,
Pune,"Revenue Colony-Shivajinagar, Pune - IITM",11613,,2021-01-27,,,,,,,,,,,,,
Pune,"Revenue Colony-Shivajinagar, Pune - IITM",11613,,2021-01-28,,,,,,,,,,,,,
Pune,"Revenue Colony-Shivajinagar, Pune - IITM",11613,,2021-01-29,,,,,,,,,,,,,
Pune,"Revenue Colony-Shivajinagar, Pune - IITM",11613,,2021-01-30,,,,,,,,,,,,,
Pune,"Revenue Colony-Shivajinagar, Pune - IITM",11613,,2021-01-31,,,,,,,,,,,,,
Pune,"Revenue Colony-Shivajinagar, Pune - IITM",11613,,2021-02-01,,,,,,,,,,,,,
Pune,"Revenue Colony-Shivajinagar, Pune - IITM",11613,,2021-02-02,,,,,,,,,,,,,
Pune,"Revenue Colony-Shivajinagar, Pune - IITM",11613,,2021-02-03,,,,,,,,,,,,,
Pune,"Revenue Colony-Shivajinagar, Pune - IITM",11613,,2021-02-04,,,,,,,,,,,,,
Pune,"Revenue Colony-Shivajinagar, Pune - IITM",11613,,2021-02-05,,,,,,,,,,,,,
Pune,"Revenue Colony-Shivajinagar, Pune - IITM",11613,,2021-02-06,,,,,,,,,,,,,
Pune,"Revenue Colony-Shivajinagar, Pune - IITM",11613,,2021-02-07,,,,,,,,,,,,,
Pune,"Revenue Colony-Shivajinagar, Pune - IITM",11613,,2021-02-08,,,99.0,58.7,,97.8,99.0,,,,,99.0,pm10
Pune,"Revenue Colony-Shivajinagar, Pune - IITM",11613,,2021-02-09,,,119.1,66.1,,118.4,113.0,,,,,118.4,pm25
Pune,"Revenue Colony-Shivajinagar, Pune - IITM",11613,,2021-02-10,,,106.2,66.6,,120.0,104.4,,,,,120.0,pm25
Pune,"Revenue Colony-Shivajinagar, Pune - IITM",11613,,2021-02-11,,,95.4,53.8,,89.6,95.4,,,,,95.4,pm10
Pune,"Revenue Colony-Shivajinagar, Pune - IITM",11613,,2021-02-12,,,114.2,69.0,,128.3,109.8,,,,,128.3,pm25
Pune,"Revenue Colony-Shivajinagar, Pune - IITM",11613,,2021-02-13,,,116.9,68.9,,127.9,111.6,,,,,127.9,pm25
Pune,"Revenue Colony-Shivajinagar, Pune - IITM",11613,,2021-02-14,,,116.4,67.7,,123.8,111.2,,,,,123.8,pm25
Pune,"Revenue Colony-Shivajinagar, Pune - IITM",11613,,2021-02-15,,,,,,,,,,,,,
Pune,"Revenue Colony-Shivajinagar, Pune - IITM",11613,,2021-02-16,,,,,,,,,,,,,
Pune,"Revenue Colony-Shivajinagar, Pune - IITM",11613,,2021-02-17,,,,,,,,,,,,,
Pune,"Revenue Colony-Shivajinagar, Pune - IITM",11613,,2021-02-18,,,90.8,52.3,,87.0,90.8,,,,,90.8,pm10
Pune,"Revenue Colony-Shivajinagar, Pune - IITM",11613,,2021-02-19,,,,,,,,,,,,,
Pune,"Revenue Colony-Shivajinagar, Pune - IITM",11613,,2021-02-20,,,86.2,51.0,,84.8,86.2,,,,,86.2,pm10
Pune,"Revenue Colony-Shivajinagar, Pune - IITM",11613,,2021-02-21,,,,,,,,,,,,,
Pune,"Revenue Colony-Shivajinagar, Pune - IITM",11613,,2021-02-22,,,105.7,65.7,,116.9,104.1,,,,,116.9,pm25
Pune,"Revenue Colony-Shivajinagar, Pune - IITM",11613,,2021-02-23,,,112.5,65.7,,117.2,108.7,,,,,117.2,pm25
Pune,"Revenue Colony-Shivajinagar, Pune - IITM",11613,,2021-02-24,,,113.1,69.7,,130.8,109.1,,,,,130.8,pm25
Pune,"Revenue Colony-Shivajinagar, Pune - IITM",11613,,2021-02-25,,,84.0,38.1,,62.9,84.0,,,,,84.0,pm10
Pune,"Revenue Colony-Shivajinagar, Pune - IITM",11613,,2021-02-26,,,71.6,29.2,,48.8,71.6,,,,,71.6,pm10
Pune,"Revenue Colony-Shivajinagar, Pune - IITM",11613,,2021-02-27,,,,,,,,,,,,,
Pune,"Revenue Colony-Shivajinagar, Pune - IITM",11613,,2021-02-28,,,,,,,,,,,,,
Pune,"Revenue Colony-Shivajinagar, Pune - IITM",11613,,2021-03-01,,,84.9,47.2,,78.4,84.9,,,,,84.9,pm10
Pune,"Revenue Colony-Shivajinagar, Pune - IITM",11613,,2021-03-02,,,92.3,52.7,,87.6,92.3,,,,,92.3,pm10
Pune,"Revenue Colony-Shivajinagar, Pune - IITM",11613,,2021-03-03,,,,,,,,,,,,,
Pune,"Revenue Colony-Shivajinagar, Pune - IITM",11613,,2021-03-04,,,82.0,46.1,,76.6,82.0,,,,,82.0,pm10
Pune,"Revenue Colony-Shivajinagar, Pune - IITM",11613,,2021-03-05,,,96.5,57.3,,95.5,96.5,,,,,96.5,pm10
Pune,"Revenue Colony-Shivajinagar, Pune - IITM",11613,,2021-03-06,,,98.6,60.2,,,98.6,,,,,98.6,pm10
Pune,"Revenue Colony-Shivajinagar, Pune - IITM",11613,,2021-03-07,,,87.0,54.4,,90.5,87.0,,,,,90.5,pm25
Pune,"Revenue Colony-Shivajinagar, Pune - IITM",11613,,2021-03-08,,,104.6,61.4,,102.2,103.4,,,,,103.4,pm10
Pune,"Revenue Colony-Shivajinagar, Pune - IITM",11613,,2021-03-09,,,109.1,66.3,,119.1,106.4,,,,,119.1,pm25
Pune,"Revenue Colony-Shivajinagar, Pune - IITM",11613,,2021-03-10,,,0.0,0.0,,0.0,0.0,,,,,0.0,pm25
Pune,"Revenue Colony-Shivajinagar, Pune - IITM",11613,,2021-03-11,,,,,,,,,,,,,
Pune,"Revenue Colony-Shivajinagar, Pune - IITM",11613,,2021-03-12,,,96.4,62.6,,106.4,96.4,,,,,106.4,pm25
Pune,"Revenue Colony-Shivajinagar, Pune - IITM",11613,,2021-03-13,,,122.0,74.0,,145.5,115.0,,,,,145.5,pm25
Pune,"Revenue Colony-Shivajinagar, Pune - IITM",11613,,2021-03-14,,,95.7,58.8,,97.9,95.7,,,,,97.9,pm25
Pune,"Revenue Colony-Shivajinagar, Pune - IITM",11613,,2021-03-15,,,88.2,56.5,,94.1,88.2,,,,,94.1,pm25
Pune,"Revenue Colony-Shivajinagar, Pune - IITM",11613,,2021-03-16,,,,,,,,,,,,,
Pune,"Revenue Colony-Shivajinagar, Pune - IITM",11613,,2021-03-17,,,99.2,65.9,,117.6,99.2,,,,,117.6,pm25
Pune,"Revenue Colony-Shivajinagar, Pune - IITM",11613,,2021-03-18,,,117.9,73.4,,143.4,112.3,,,,,143.4,pm25
Pune,"Revenue Colony-Shivajinagar, Pune - IITM",11613,,2021-03-19,,,89.2,55.3,,92.0,89.2,,,,,92.0,pm25
Pune,"Revenue Colony-Shivajinagar, Pune - IITM",11613,,2021-03-20,,,134.4,80.6,,168.0,123.2,,,,,168.0,pm25
Pune,"Revenue Colony-Shivajinagar, Pune - IITM",11613,,2021-03-21,,,105.6,62.1,,104.9,104.0,,,,,104.9,pm25
Pune,"Revenue Colony-Shivajinagar, Pune - IITM",11613,,2021-03-22,,,108.5,64.1,,111.5,106.0,,,,,111.5,pm25
Pune,"Revenue Colony-Shivajinagar, Pune - IITM",11613,,2021-03-23,,,152.3,98.6,,226.8,135.1,,,,,226.8,pm25
Pune,"Revenue Colony-Shivajinagar, Pune - IITM",11613,,2021-03-24,,,244.8,144.6,,319.1,196.5,,,,,319.1,pm25
Pune,"Revenue Colony-Shivajinagar, Pune - IITM",11613,,2021-03-25,,,125.5,76.9,,155.4,117.3,,,,,155.4,pm25
Pune,"Revenue Colony-Shivajinagar, Pune - IITM",11613,,2021-03-26,,,163.8,96.2,,218.8,142.7,,,,,218.8,pm25
Pune,"Revenue Colony-Shivajinagar, Pune - IITM",11613,,2021-03-27,,,,,,,,,,,,,
Pune,"Revenue Colony-Shivajinagar, Pune - IITM",11613,,2021-03-28,,,166.0,99.5,,230.0,144.2,,,,,230.0,pm25
Pune,"Revenue Colony-Shivajinagar, Pune - IITM",11613,,2021-03-29,,,,,,,,,,,,,
Pune,"Revenue Colony-Shivajinagar, Pune - IITM",11613,,2021-03-30,,,103.0,59.2,,98.6,102.3,,,,,102.3,pm10
Pune,"Revenue Colony-Shivajinagar, Pune - IITM",11613,,2021-03-31,,,,,,,,,,,,,
Pune,"Revenue Colony-Shivajinagar, Pune - IITM",11613,,2021-04-01,,,84.1,44.3,,73.5,84.1,,,,,84.1,pm10
Pune,"Revenue Colony-Shivajinagar, Pune - IITM",11613,,2021-04-02,,,,,,,,,,,,,
Pune,"Revenue Colony-Shivajinagar, Pune - IITM",11613,,2021-04-03,,,88.4,57.3,,95.4,88.4,,,,,95.4,pm25
Pune,"Revenue Colony-Shivajinagar, Pune - IITM",11613,,2021-04-04,,,,,,,,,,,,,
Pune,"Revenue Colony-Shivajinagar, Pune - IITM",11613,,2021-04-05,,,101.5,68.8,,127.5,101.4,,,,,127.5,pm25
Pune,"Revenue Colony-Shivajinagar, Pune - IITM",11613,,2021-04-06,,,,,,,,,,,,,
Pune,"Revenue Colony-Shivajinagar, Pune - IITM",11613,,2021-04-07,,,81.7,44.2,,73.3,81.7,,,,,81.7,pm10
Pune,"Revenue Colony-Shivajinagar, Pune - IITM",11613,,2021-04-08,,,146.0,90.3,,,130.9,,,,,130.9,pm10
Pune,"Revenue Colony-Shivajinagar, Pune - IITM",11613,,2021-04-09,,,,,,,,,,,,,
Pune,"Revenue Colony-Shivajinagar, Pune - IITM",11613,,2021-04-10,,,92.1,58.3,,97.1,92.1,,,,,97.1,pm25
Pune,"Revenue Colony-Shivajinagar, Pune - IITM",11613,,2021-04-11,,,,,,,,,,,,,
Pune,"Revenue Colony-Shivajinagar, Pune - IITM",11613,,2021-04-12,,,,,,,,,,,,,
Pune,"Revenue Colony-Shivajinagar, Pune - IITM",11613,,2021-04-13,,,,,,,,,,,,,
Pune,"Revenue Colony-Shivajinagar, Pune - IITM",11613,,2021-04-14,,,120.0,58.0,,96.6,113.6,,,,,113.6,pm10
Pune,"Revenue Colony-Shivajinagar, Pune - IITM",11613,,2021-04-15,,,101.9,55.5,,92.4,101.6,,,,,101.6,pm10
Pune,"Revenue Colony-Shivajinagar, Pune - IITM",11613,,2021-04-16,,,49.9,30.4,,,49.9,,,,,49.9,pm10
Pune,"Revenue Colony-Shivajinagar, Pune - IITM",11613,,2021-04-17,,,88.6,55.3,,92.1,88.6,,,,,92.1,pm25
Pune,"Revenue Colony-Shivajinagar, Pune - IITM",11613,,2021-04-18,,,71.7,51.6,,85.8,71.7,,,,,85.8,pm25
Pune,"Revenue Colony-Shivajinagar, Pune - IITM",11613,,2021-04-19,,,92.5,50.3,,83.6,92.5,,,,,92.5,pm10
Pune,"Revenue Colony-Shivajinagar, Pune - IITM",11613,,2021-04-20,,,76.0,29.9,,49.8,76.0,,,,,76.0,pm10
Pune,"Revenue Colony-Shivajinagar, Pune - IITM",11613,,2021-04-21,,,64.2,45.4,,75.4,64.2,,,,,75.4,pm25
Pune,"Revenue Colony-Shivajinagar, Pune - IITM",11613,,2021-04-22,,,79.1,50.8,,84.5,79.1,,,,,84.5,pm25
Pune,"Revenue Colony-Shivajinagar, Pune - IITM",11613,,2021-04-23,,,75.3,49.0,,81.5,75.3,,,,,81.5,pm25
Pune,"Revenue Colony-Shivajinagar, Pune - IITM",11613,,2021-04-24,,,61.2,40.5,,67.1,61.2,,,,,67.1,pm25
Pune,"Revenue Colony-Shivajinagar, Pune - IITM",11613,,2021-04-25,,,,,,,,,,,,,
Pune,"Revenue Colony-Shivajinagar, Pune - IITM",11613,,2021-04-26,,,,,,,,,,,,,
Pune,"Revenue Colony-Shivajinagar, Pune - IITM",11613,,2021-04-27,,,71.0,33.4,,55.1,71.0,,,,,71.0,pm10
Pune,"Revenue Colony-Shivajinagar, Pune - IITM",11613,,2021-04-28,,,77.3,48.6,,80.7,77.3,,,,,80.7,pm25
Pune,"Revenue Colony-Shivajinagar, Pune - IITM",11613,,2021-04-29,,,66.6,44.4,,73.6,66.6,,,,,73.6,pm25
Pune,"Revenue Colony-Shivajinagar, Pune - IITM",11613,,2021-04-30,,,60.4,41.2,,68.3,60.4,,,,,68.3,pm25
Pune,"Revenue Colony-Shivajinagar, Pune - IITM",11613,,2021-05-01,,,71.5,39.2,,64.9,71.5,,,,,71.5,pm10
Pune,"Revenue Colony-Shivajinagar, Pune - IITM",11613,,2021-05-02,,,,,,,,,,,,,
Pune,"Revenue Colony-Shivajinagar, Pune - IITM",11613,,2021-05-03,,,,,,,,,,,,,
Pune,"Revenue Colony-Shivajinagar, Pune - IITM",11613,,2021-05-04,,,,,,,,,,,,,
Pune,"Revenue Colony-Shivajinagar, Pune - IITM",11613,,2021-05-05,,,81.0,47.4,,78.8,81.0,,,,,81.0,pm10
Pune,"Revenue Colony-Shivajinagar, Pune - IITM",11613,,2021-05-06,,,67.9,36.8,,60.7,67.9,,,,,67.9,pm10
Pune,"Revenue Colony-Shivajinagar, Pune - IITM",11613,,2021-05-07,,,,,,,,,,,,,
Pune,"Revenue Colony-Shivajinagar, Pune - IITM",11613,,2021-05-08,,,59.8,31.0,,,59.8,,,,,59.8,pm10
Pune,"Revenue Colony-Shivajinagar, Pune - IITM",11613,,2021-05-09,,,,,,,,,,,,,
Pune,"Revenue Colony-Shivajinagar, Pune - IITM",11613,,2021-05-10,,,77.3,32.2,,53.0,77.3,,,,,77.3,pm10
Pune,"Revenue Colony-Shivajinagar, Pune - IITM",11613,,2021-05-11,,,,,,,,,,,,,
Pune,"Revenue Colony-Shivajinagar, Pune - IITM",11613,,2021-05-12,,,,,,,,,,,,,
Pune,"Revenue Colony-Shivajinagar, Pune - IITM",11613,,2021-05-13,,,60.0,27.7,,46.2,60.0,,,,,60.0,pm10
Pune,"Revenue Colony-Shivajinagar, Pune - IITM",11613,,2021-05-14,,,,,,,,,,,,,
Pune,"Revenue Colony-Shivajinagar, Pune - IITM",11613,,2021-05-15,,,,,,,,,,,,,
Pune,"Revenue Colony-Shivajinagar, Pune - IITM",11613,,2021-05-16,,,24.1,16.2,,27.0,24.1,,,,,27.0,pm25
Pune,"Revenue Colony-Shivajinagar, Pune - IITM",11613,,2021-05-17,,,45.4,20.1,,33.5,45.4,,,,,45.4,pm10
Pune,"Revenue Colony-Shivajinagar, Pune - IITM",11613,,2021-05-18,,,40.0,18.2,,30.3,40.0,,,,,40.0,pm10
Pune,"Revenue Colony-Shivajinagar, Pune - IITM",11613,,2021-05-19,,,74.7,35.1,,57.9,74.7,,,,,74.7,pm10
Pune,"Revenue Colony-Shivajinagar, Pune - IITM",11613,,2021-05-20,,,110.0,51.4,,85.5,107.0,,,,,107.0,pm10
Pune,"Revenue Colony-Shivajinagar, Pune - IITM",11613,,2021-05-21,,,,,,,,,,,,,
Pune,"Revenue Colony-Shivajinagar, Pune - IITM",11613,,2021-05-22,,,,,,,,,,,,,
Pune,"Revenue Colony-Shivajinagar, Pune - IITM",11613,,2021-05-23,,,,,,,,,,,,,
Pune,"Revenue Colony-Shivajinagar, Pune - IITM",11613,,2021-05-24,,,,,,,,,,,,,
Pune,"Revenue Colony-Shivajinagar, Pune - IITM",11613,,2021-05-25,,,83.7,44.8,,74.3,83.7,,,,,83.7,pm10
Pune,"Revenue Colony-Shivajinagar, Pune - IITM",11613,,2021-05-26,,,,,,,,,,,,,
Pune,"Revenue Colony-Shivajinagar, Pune - IITM",11613,,2021-05-27,,,24.4,16.6,,27.6,24.4,,,,,27.6,pm25
Pune,"Revenue Colony-Shivajinagar, Pune - IITM",11613,,2021-05-28,,,42.8,26.9,,44.8,42.8,,,,,44.8,pm25
Pune,"Revenue Colony-Shivajinagar, Pune - IITM",11613,,2021-05-29,,,59.8,42.0,,69.6,59.8,,,,,69.6,pm25
Pune,"Revenue Colony-Shivajinagar, Pune - IITM",11613,,2021-05-30,,,,,,,,,,,,,
Pune,"Revenue Colony-Shivajinagar, Pune - IITM",11613,,2021-05-31,,,46.9,33.8,,55.7,46.9,,,,,55.7,pm25
Pune,"Revenue Colony-Shivajinagar, Pune - IITM",11613,,2021-06-01,,,,,,,,,,,,,
Pune,"Revenue Colony-Shivajinagar, Pune - IITM",11613,,2021-06-02,,,128.8,87.2,,190.3,119.5,,,,,190.3,pm25
Pune,"Revenue Colony-Shivajinagar, Pune - IITM",11613,,2021-06-03,,,,,,,,,,,,,
Pune,"Revenue Colony-Shivajinagar, Pune - IITM",11613,,2021-06-04,,,49.6,36.5,,60.3,49.6,,,,,60.3,pm25
Pune,"Revenue Colony-Shivajinagar, Pune - IITM",11613,,2021-06-05,,,42.7,31.1,,51.2,42.7,,,,,51.2,pm25
Pune,"Revenue Colony-Shivajinagar, Pune - IITM",11613,,2021-06-06,,,74.3,55.8,,92.9,74.3,,,,,92.9,pm25
Pune,"Revenue Colony-Shivajinagar, Pune - IITM",11613,,2021-06-07,,,43.9,32.0,,52.7,43.9,,,,,52.7,pm25
Pune,"Revenue Colony-Shivajinagar, Pune - IITM",11613,,2021-06-08,,,57.6,43.1,,71.4,57.6,,,,,71.4,pm25
Pune,"Revenue Colony-Shivajinagar, Pune - IITM",11613,,2021-06-09,,,,,,,,,,,,,
Pune,"Revenue Colony-Shivajinagar, Pune - IITM",11613,,2021-06-10,,,84.0,64.0,,111.2,84.0,,,,,111.2,pm25
Pune,"Revenue Colony-Shivajinagar, Pune - IITM",11613,,2021-06-11,,,,,,,,,,,,,
Pune,"Revenue Colony-Shivajinagar, Pune - IITM",11613,,2021-06-12,,,35.2,25.2,,42.0,35.2,,,,,42.0,pm25
Pune,"Revenue Colony-Shivajinagar, Pune - IITM",11613,,2021-06-13,,,148.0,115.0,,282.9,132.2,,,,,282.9,pm25
Pune,"Revenue Colony-Shivajinagar, Pune - IITM",11613,,2021-06-14,,,53.1,38.1,,62.9,53.1,,,,,62.9,pm25
Pune,"Revenue Colony-Shivajinagar, Pune - IITM",11613,,2021-06-15,,,119.9,91.5,,202.6,113.5,,,,,202.6,pm25
Pune,"Revenue Colony-Shivajinagar, Pune - IITM",11613,,2021-06-16,,,,,,,,,,,,,
Pune,"Revenue Colony-Shivajinagar, Pune - IITM",11613,,2021-06-17,,,,,,,,,,,,,
Pune,"Revenue Colony-Shivajinagar, Pune - IITM",11613,,2021-06-18,,,47.3,8.4,,14.0,47.3,,,,,47.3,pm10
Pune,"Revenue Colony-Shivajinagar, Pune - IITM",11613,,2021-06-19,,,,,,,,,,,,,
Pune,"Revenue Colony-Shivajinagar, Pune - IITM",11613,,2021-06-20,,,,,,,,,,,,,
Pune,"Revenue Colony-Shivajinagar, Pune - IITM",11613,,2021-06-21,,,131.0,12.7,,21.2,120.9,,,,,120.9,pm10
Pune,"Revenue Colony-Shivajinagar, Pune - IITM",11613,,2021-06-22,,,12.6,7.1,,11.9,12.6,,,,,12.6,pm10
Pune,"Revenue Colony-Shivajinagar, Pune - IITM",11613,,2021-06-23,,,,,,,,,,,,,
Pune,"Revenue Colony-Shivajinagar, Pune - IITM",11613,,2021-06-24,,,12.6,7.1,,11.9,12.6,,,,,12.6,pm10
Pune,"Revenue Colony-Shivajinagar, Pune - IITM",11613,,2021-06-25,,,12.6,7.1,,11.9,12.6,,,,,12.6,pm10
Pune,"Revenue Colony-Shivajinagar, Pune - IITM",11613,,2021-06-26,,,,,,,,,,,,,
Pune,"Revenue Colony-Shivajinagar, Pune - IITM",11613,,2021-06-27,,,,,,,,,,,,,
Pune,"Revenue Colony-Shivajinagar, Pune - IITM",11613,,2021-06-28,,,,,,,,,,,,,
Pune,"Revenue Colony-Shivajinagar, Pune - IITM",11613,,2021-06-29,,,28.9,19.8,,33.0,28.9,,,,,33.0,pm25
Pune,"Revenue Colony-Shivajinagar, Pune - IITM",11613,,2021-06-30,,,0.0,0.0,,0.0,0.0,,,,,0.0,pm25
Pune,"Revenue Colony-Shivajinagar, Pune - IITM",11613,,2021-07-01,,,,,,,,,,,,,
Pune,"Revenue Colony-Shivajinagar, Pune - IITM",11613,,2021-07-02,,,,,,,,,,,,,
Pune,"Revenue Colony-Shivajinagar, Pune - IITM",11613,,2021-07-03,,,48.6,16.6,,27.6,48.6,,,,,48.6,pm10
Pune,"Revenue Colony-Shivajinagar, Pune - IITM",11613,,2021-07-04,,,,,,,,,,,,,
Pune,"Revenue Colony-Shivajinagar, Pune - IITM",11613,,2021-07-05,,,1000.0,393.0,,401.0,401.0,,,,,401.0,pm10
Pune,"Revenue Colony-Shivajinagar, Pune - IITM",11613,,2021-07-06,,,,,,,,,,,,,
Pune,"Revenue Colony-Shivajinagar, Pune - IITM",11613,,2021-07-07,,,,,,,,,,,,,
Pune,"Revenue Colony-Shivajinagar, Pune - IITM",11613,,2021-07-08,,,68.3,29.2,,48.6,68.3,,,,,68.3,pm10
Pune,"Revenue Colony-Shivajinagar, Pune - IITM",11613,,2021-07-09,,,56.7,35.1,,57.9,56.7,,,,,57.9,pm25
Pune,"Revenue Colony-Shivajinagar, Pune - IITM",11613,,2021-07-10,,,,,,,,,,,,,
Pune,"Revenue Colony-Shivajinagar, Pune - IITM",11613,,2021-07-11,,,,,,,,,,,,,
Pune,"Revenue Colony-Shivajinagar, Pune - IITM",11613,,2021-07-12,,,63.3,47.3,,78.5,63.3,,,,,78.5,pm25
Pune,"Revenue Colony-Shivajinagar, Pune - IITM",11613,,2021-07-13,,,55.1,40.5,,67.1,55.1,,,,,67.1,pm25
Pune,"Revenue Colony-Shivajinagar, Pune - IITM",11613,,2021-07-14,,,71.6,53.4,,88.8,71.6,,,,,88.8,pm25
Pune,"Revenue Colony-Shivajinagar, Pune - IITM",11613,,2021-07-15,,,58.9,42.1,,69.8,58.9,,,,,69.8,pm25
Pune,"Revenue Colony-Shivajinagar, Pune - IITM",11613,,2021-07-16,,,0.0,0.0,,0.0,0.0,,,,,0.0,pm25
Pune,"Revenue Colony-Shivajinagar, Pune - IITM",11613,,2021-07-17,,,71.0,48.8,,81.2,71.0,,,,,81.2,pm25
Pune,"Revenue Colony-Shivajinagar, Pune - IITM",11613,,2021-07-18,,,116.8,72.5,,140.3,111.5,,,,,140.3,pm25
Pune,"Revenue Colony-Shivajinagar, Pune - IITM",11613,,2021-07-19,,,106.0,12.2,,20.2,104.3,,,,,104.3,pm10
Pune,"Revenue Colony-Shivajinagar, Pune - IITM",11613,,2021-07-20,,,55.0,31.0,,,55.0,,,,,55.0,pm10
Pune,"Revenue Colony-Shivajinagar, Pune - IITM",11613,,2021-07-21,,,77.3,31.0,,51.0,77.3,,,,,77.3,pm10
Pune,"Revenue Colony-Shivajinagar, Pune - IITM",11613,,2021-07-22,,,88.4,12.0,,20.0,88.4,,,,,88.4,pm10
Pune,"Revenue Colony-Shivajinagar, Pune - IITM",11613,,2021-07-23,,,164.4,12.6,,21.0,143.1,,,,,143.1,pm10
Pune,"Revenue Colony-Shivajinagar, Pune - IITM",11613,,2021-07-24,,,,,,,,,,,,,
Pune,"Revenue Colony-Shivajinagar, Pune - IITM",11613,,2021-07-25,,,104.1,10.5,,17.6,103.1,,,,,103.1,pm10
Pune,"Revenue Colony-Shivajinagar, Pune - IITM",11613,,2021-07-26,,,,,,,,,,,,,
Pune,"Revenue Colony-Shivajinagar, Pune - IITM",11613,,2021-07-27,,,,,,,,,,,,,
Pune,"Revenue Colony-Shivajinagar, Pune - IITM",11613,,2021-07-28,,,,,,,,,,,,,
Pune,"Revenue Colony-Shivajinagar, Pune - IITM",11613,,2021-07-29,,,,,,,,,,,,,
Pune,"Revenue Colony-Shivajinagar, Pune - IITM",11613,,2021-07-30,,,,,,,,,,,,,
Pune,"Revenue Colony-Shivajinagar, Pune - IITM",11613,,2021-07-31,,,,,,,,,,,,,
Pune,"Revenue Colony-Shivajinagar, Pune - IITM",11613,,2021-08-01,,,,,,,,,,,,,
Pune,"Revenue Colony-Shivajinagar, Pune - IITM",11613,,2021-08-02,,,,,,,,,,,,,
Pune,"Revenue Colony-Shivajinagar, Pune - IITM",11613,,2021-08-03,,,,,,,,,,,,,
Pune,"Revenue Colony-Shivajinagar, Pune - IITM",11613,,2021-08-04,,,,,,,,,,,,,
Pune,"Revenue Colony-Shivajinagar, Pune - IITM",11613,,2021-08-05,,,,,,,,,,,,,
Pune,"Revenue Colony-Shivajinagar, Pune - IITM",11613,,2021-08-06,,,,,,,,,,,,,
Pune,"Revenue Colony-Shivajinagar, Pune - IITM",11613,,2021-08-07,,,,,,,,,,,,,
Pune,"Revenue Colony-Shivajinagar, Pune - IITM",11613,,2021-08-08,,,,,,,,,,,,,
Pune,"Revenue Colony-Shivajinagar, Pune - IITM",11613,,2021-08-09,,,,,,,,,,,,,
Pune,"Revenue Colony-Shivajinagar, Pune - IITM",11613,,2021-08-10,,,,,,,,,,,,,
Pune,"Revenue Colony-Shivajinagar, Pune - IITM",11613,,2021-08-11,,,,,,,,,,,,,
Pune,"Revenue Colony-Shivajinagar, Pune - IITM",11613,,2021-08-12,,,,,,,,,,,,,
Pune,"Revenue Colony-Shivajinagar, Pune - IITM",11613,,2021-08-13,,,,,,,,,,,,,
Pune,"Revenue Colony-Shivajinagar, Pune - IITM",11613,,2021-08-14,,,,,,,,,,,,,
Pune,"Revenue Colony-Shivajinagar, Pune - IITM",11613,,2021-08-15,,,,,,,,,,,,,
Pune,"Revenue Colony-Shivajinagar, Pune - IITM",11613,,2021-08-16,,,,,,,,,,,,,
Pune,"Revenue Colony-Shivajinagar, Pune - IITM",11613,,2021-08-17,,,,,,,,,,,,,
Pune,"Revenue Colony-Shivajinagar, Pune - IITM",11613,,2021-08-18,,,,,,,,,,,,,
Pune,"Revenue Colony-Shivajinagar, Pune - IITM",11613,,2021-08-19,,,,,,,,,,,,,
Pune,"Revenue Colony-Shivajinagar, Pune - IITM",11613,,2021-08-20,,,,,,,,,,,,,
Pune,"Revenue Colony-Shivajinagar, Pune - IITM",11613,,2021-08-21,,,,,,,,,,,,,
Pune,"Revenue Colony-Shivajinagar, Pune - IITM",11613,,2021-08-22,,,,,,,,,,,,,
Pune,"Revenue Colony-Shivajinagar, Pune - IITM",11613,,2021-08-23,,,,,,,,,,,,,
Pune,"Revenue Colony-Shivajinagar, Pune - IITM",11613,,2021-08-24,,,,,,,,,,,,,
Pune,"Revenue Colony-Shivajinagar, Pune - IITM",11613,,2021-08-25,,,58.3,39.8,,65.9,58.3,,,,,65.9,pm25
Pune,"Revenue Colony-Shivajinagar, Pune - IITM",11613,,2021-08-26,,,,,,,,,,,,,
Pune,"Revenue Colony-Shivajinagar, Pune - IITM",11613,,2021-08-27,,,,,,,,,,,,,
Pune,"Revenue Colony-Shivajinagar, Pune - IITM",11613,,2021-08-28,,,,,,,,,,,,,
Pune,"Revenue Colony-Shivajinagar, Pune - IITM",11613,,2021-08-29,,,,,,,,,,,,,
Pune,"Revenue Colony-Shivajinagar, Pune - IITM",11613,,2021-08-30,,,,,,,,,,,,,
Pune,"Revenue Colony-Shivajinagar, Pune - IITM",11613,,2021-08-31,,,,,,,,,,,,,
Pune,"Revenue Colony-Shivajinagar, Pune - IITM",11613,,2021-09-01,,,65.8,44.6,,73.9,65.8,,,,,73.9,pm25
Pune,"Revenue Colony-Shivajinagar, Pune - IITM",11613,,2021-09-02,,,64.0,43.4,,72.0,64.0,,,,,72.0,pm25
Pune,"Revenue Colony-Shivajinagar, Pune - IITM",11613,,2021-09-03,,,49.2,33.8,,55.8,49.2,,,,,55.8,pm25
Pune,"Revenue Colony-Shivajinagar, Pune - IITM",11613,,2021-09-04,,,54.9,37.6,,62.1,54.9,,,,,62.1,pm25
Pune,"Revenue Colony-Shivajinagar, Pune - IITM",11613,,2021-09-05,,,53.6,36.8,,60.8,53.6,,,,,60.8,pm25
Pune,"Revenue Colony-Shivajinagar, Pune - IITM",11613,,2021-09-06,,,32.8,23.5,,39.2,32.8,,,,,39.2,pm25
Pune,"Revenue Colony-Shivajinagar, Pune - IITM",11613,,2021-09-07,,,134.0,94.9,,214.5,122.9,,,,,214.5,pm25
Pune,"Revenue Colony-Shivajinagar, Pune - IITM",11613,,2021-09-08,,,2.4,4.2,,7.0,2.4,,,,,7.0,pm25
Pune,"Revenue Colony-Shivajinagar, Pune - IITM",11613,,2021-09-09,,,22.9,17.2,,28.7,22.9,,,,,28.7,pm25
Pune,"Revenue Colony-Shivajinagar, Pune - IITM",11613,,2021-09-10,,,30.2,21.9,,36.5,30.2,,,,,36.5,pm25
Pune,"Revenue Colony-Shivajinagar, Pune - IITM",11613,,2021-09-11,,,115.0,75.9,,151.9,110.3,,,,,151.9,pm25
Pune,"Revenue Colony-Shivajinagar, Pune - IITM",11613,,2021-09-12,,,238.7,175.0,,342.5,192.5,,,,,342.5,pm25
Pune,"Revenue Colony-Shivajinagar, Pune - IITM",11613,,2021-09-13,,,15.6,12.6,,21.0,15.6,,,,,21.0,pm25
Pune,"Revenue Colony-Shivajinagar, Pune - IITM",11613,,2021-09-14,,,42.4,29.7,,49.5,42.4,,,,,49.5,pm25
Pune,"Revenue Colony-Shivajinagar, Pune - IITM",11613,,2021-09-15,,,49.5,34.2,,56.3,49.5,,,,,56.3,pm25
Pune,"Revenue Colony-Shivajinagar, Pune - IITM",11613,,2021-09-16,,,47.4,32.8,,54.1,47.4,,,,,54.1,pm25
Pune,"Revenue Colony-Shivajinagar, Pune - IITM",11613,,2021-09-17,,,36.3,25.8,,43.0,36.3,,,,,43.0,pm25
Pune,"Revenue Colony-Shivajinagar, Pune - IITM",11613,,2021-09-18,,,29.9,21.7,,36.2,29.9,,,,,36.2,pm25
Pune,"Revenue Colony-Shivajinagar, Pune - IITM",11613,,2021-09-19,,,22.4,16.9,,28.2,22.4,,,,,28.2,pm25
Pune,"Revenue Colony-Shivajinagar, Pune - IITM",11613,,2021-09-20,,,20.5,15.7,,26.2,20.5,,,,,26.2,pm25
Pune,"Revenue Colony-Shivajinagar, Pune - IITM",11613,,2021-09-21,,,28.0,20.5,,34.1,28.0,,,,,34.1,pm25
Pune,"Revenue Colony-Shivajinagar, Pune - IITM",11613,,2021-09-22,,,29.4,21.4,,35.6,29.4,,,,,35.6,pm25
Pune,"Revenue Colony-Shivajinagar, Pune - IITM",11613,,2021-09-23,,,25.4,18.8,,31.4,25.4,,,,,31.4,pm25
Pune,"Revenue Colony-Shivajinagar, Pune - IITM",11613,,2021-09-24,,,32.3,23.2,,38.7,32.3,,,,,38.7,pm25
Pune,"Revenue Colony-Shivajinagar, Pune - IITM",11613,,2021-09-25,,,28.5,20.8,,34.7,28.5,,,,,34.7,pm25
Pune,"Revenue Colony-Shivajinagar, Pune - IITM",11613,,2021-09-26,,,28.4,20.7,,34.6,28.4,,,,,34.6,pm25
Pune,"Revenue Colony-Shivajinagar, Pune - IITM",11613,,2021-09-27,,,30.5,21.9,,36.6,30.5,,,,,36.6,pm25
Pune,"Revenue Colony-Shivajinagar, Pune - IITM",11613,,2021-09-28,,,20.1,15.4,,25.7,20.1,,,,,25.7,pm25
Pune,"Revenue Colony-Shivajinagar, Pune - IITM",11613,,2021-09-29,,,,,,,,,,,,,
Pune,"Revenue Colony-Shivajinagar, Pune - IITM",11613,,2021-09-30,,,77.3,52.0,,86.4,77.3,,,,,86.4,pm25
Pune,"Revenue Colony-Shivajinagar, Pune - IITM",11613,,2021-10-01,,,,,,,,,,,,,
Pune,"Revenue Colony-Shivajinagar, Pune - IITM",11613,,2021-10-02,,,,,,,,,,,,,
Pune,"Revenue Colony-Shivajinagar, Pune - IITM",11613,,2021-10-03,,,,,,,,,,,,,
Pune,"Revenue Colony-Shivajinagar, Pune - IITM",11613,,2021-10-04,,,,,,,,,,,,,
Pune,"Revenue Colony-Shivajinagar, Pune - IITM",11613,,2021-10-05,,,,,,,,,,,,,
Pune,"Revenue Colony-Shivajinagar, Pune - IITM",11613,,2021-10-06,,,,,,,,,,,,,
Pune,"Revenue Colony-Shivajinagar, Pune - IITM",11613,,2021-10-07,,,,,,,,,,,,,
Pune,"Revenue Colony-Shivajinagar, Pune - IITM",11613,,2021-10-08,,,,,,,,,,,,,
Pune,"Revenue Colony-Shivajinagar, Pune - IITM",11613,,2021-10-09,,,,,,,,,,,,,
Pune,"Revenue Colony-Shivajinagar, Pune - IITM",11613,,2021-10-10,,,,,,,,,,,,,
Pune,"Revenue Colony-Shivajinagar, Pune - IITM",11613,,2021-10-11,,,,,,,,,,,,,
Pune,"Revenue Colony-Shivajinagar, Pune - IITM",11613,,2021-10-12,,,,,,,,,,,,,
Pune,"Revenue Colony-Shivajinagar, Pune - IITM",11613,,2021-10-13,,,0.0,2.6,,4.4,0.0,,,,,4.4,pm25
Pune,"Revenue Colony-Shivajinagar, Pune - IITM",11613,,2021-10-14,,,0.0,2.6,,4.4,0.0,,,,,4.4,pm25
Pune,"Revenue Colony-Shivajinagar, Pune - IITM",11613,,2021-10-15,,,44.2,30.8,,,44.2,,,,,44.2,pm10
Pune,"Revenue Colony-Shivajinagar, Pune - IITM",11613,,2021-10-16,,,95.6,63.5,,109.6,95.6,,,,,109.6,pm25
Pune,"Revenue Colony-Shivajinagar, Pune - IITM",11613,,2021-10-17,,,53.8,36.9,,61.0,53.8,,,,,61.0,pm25
Pune,"Revenue Colony-Shivajinagar, Pune - IITM",11613,,2021-10-18,,,45.6,31.7,,52.2,45.6,,,,,52.2,pm25
Pune,"Revenue Colony-Shivajinagar, Pune - IITM",11613,,2021-10-19,,,64.8,42.3,,70.0,64.8,,,,,70.0,pm25
Pune,"Revenue Colony-Shivajinagar, Pune - IITM",11613,,2021-10-20,,,94.8,60.7,,,94.8,,,,,94.8,pm10
Pune,"Revenue Colony-Shivajinagar, Pune - IITM",11613,,2021-10-21,,,91.9,58.9,,98.1,91.9,,,,,98.1,pm25
Pune,"Revenue Colony-Shivajinagar, Pune - IITM",11613,,2021-10-22,,,82.7,53.1,,88.4,82.7,,,,,88.4,pm25
Pune,"Revenue Colony-Shivajinagar, Pune - IITM",11613,,2021-10-23,,,96.3,61.7,,103.4,96.3,,,,,103.4,pm25
Pune,"Revenue Colony-Shivajinagar, Pune - IITM",11613,,2021-10-24,,,82.0,52.6,,87.5,82.0,,,,,87.5,pm25
Pune,"Revenue Colony-Shivajinagar, Pune - IITM",11613,,2021-10-25,,,110.6,70.9,,134.8,107.4,,,,,134.8,pm25
Pune,"Revenue Colony-Shivajinagar, Pune - IITM",11613,,2021-10-26,,,106.8,68.3,,126.1,104.8,,,,,126.1,pm25
Pune,"Revenue Colony-Shivajinagar, Pune - IITM",11613,,2021-10-27,,,117.1,75.0,,148.6,111.7,,,,,148.6,pm25
Pune,"Revenue Colony-Shivajinagar, Pune - IITM",11613,,2021-10-28,,,131.3,84.0,,179.6,121.2,,,,,179.6,pm25
Pune,"Revenue Colony-Shivajinagar, Pune - IITM",11613,,2021-10-29,,,,,,,,,,,,,
Pune,"Revenue Colony-Shivajinagar, Pune - IITM",11613,,2021-10-30,,,126.2,80.8,,168.5,117.7,,,,,168.5,pm25
Pune,"Revenue Colony-Shivajinagar, Pune - IITM",11613,,2021-10-31,,,138.8,88.9,,196.1,126.1,,,,,196.1,pm25
Pune,"Revenue Colony-Shivajinagar, Pune - IITM",11613,,2021-11-01,,,114.5,73.4,,143.3,110.0,,,,,143.3,pm25
Pune,"Revenue Colony-Shivajinagar, Pune - IITM",11613,,2021-11-02,,,135.1,86.3,,187.5,123.6,,,,,187.5,pm25
Pune,"Revenue Colony-Shivajinagar, Pune - IITM",11613,,2021-11-03,,,144.2,92.3,,205.4,129.7,,,,,205.4,pm25
Pune,"Revenue Colony-Shivajinagar, Pune - IITM",11613,,2021-11-04,,,76.4,49.1,,81.5,76.4,,,,,81.5,pm25
Pune,"Revenue Colony-Shivajinagar, Pune - IITM",11613,,2021-11-05,,,13.5,9.0,,14.9,13.5,,,,,14.9,pm25
Pune,"Revenue Colony-Shivajinagar, Pune - IITM",11613,,2021-11-06,,,11.3,7.6,,12.6,11.3,,,,,12.6,pm25
Pune,"Revenue Colony-Shivajinagar, Pune - IITM",11613,,2021-11-07,,,74.7,55.9,,93.0,74.7,,,,,93.0,pm25
Pune,"Revenue Colony-Shivajinagar, Pune - IITM",11613,,2021-11-08,,,164.2,105.0,,248.7,143.0,,,,,248.7,pm25
Pune,"Revenue Colony-Shivajinagar, Pune - IITM",11613,,2021-11-09,,,144.7,92.6,,206.4,130.0,,,,,206.4,pm25
Pune,"Revenue Colony-Shivajinagar, Pune - IITM",11613,,2021-11-10,,,150.6,96.4,,219.4,133.9,,,,,219.4,pm25
Pune,"Revenue Colony-Shivajinagar, Pune - IITM",11613,,2021-11-11,,,153.3,98.0,,224.8,135.8,,,,,224.8,pm25
Pune,"Revenue Colony-Shivajinagar, Pune - IITM",11613,,2021-11-12,,,154.0,98.5,,226.5,136.2,,,,,226.5,pm25
Pune,"Revenue Colony-Shivajinagar, Pune - IITM",11613,,2021-11-13,,,104.8,67.1,,121.9,103.5,,,,,121.9,pm25
Pune,"Revenue Colony-Shivajinagar, Pune - IITM",11613,,2021-11-14,,,11.8,7.9,,13.2,11.8,,,,,13.2,pm25
Pune,"Revenue Colony-Shivajinagar, Pune - IITM",11613,,2021-11-15,,,11.4,7.7,,12.8,11.4,,,,,12.8,pm25
Pune,"Revenue Colony-Shivajinagar, Pune - IITM",11613,,2021-11-16,,,11.3,7.6,,12.6,11.3,,,,,12.6,pm25
Pune,"Revenue Colony-Shivajinagar, Pune - IITM",11613,,2021-11-17,,,11.3,7.6,,12.6,11.3,,,,,12.6,pm25
Pune,"Revenue Colony-Shivajinagar, Pune - IITM",11613,,2021-11-18,,,47.8,30.8,,,47.8,,,,,47.8,pm10
Pune,"Revenue Colony-Shivajinagar, Pune - IITM",11613,,2021-11-19,,,91.1,58.4,,97.3,91.1,,,,,97.3,pm25
Pune,"Revenue Colony-Shivajinagar, Pune - IITM",11613,,2021-11-20,,,77.6,49.9,,82.9,77.6,,,,,82.9,pm25
Pune,"Revenue Colony-Shivajinagar, Pune - IITM",11613,,2021-11-21,,,70.3,45.2,,74.9,70.3,,,,,74.9,pm25
Pune,"Revenue Colony-Shivajinagar, Pune - IITM",11613,,2021-11-22,,,68.8,44.2,,73.3,68.8,,,,,73.3,pm25
Pune,"Revenue Colony-Shivajinagar, Pune - IITM",11613,,2021-11-23,,,117.4,74.6,,147.4,111.9,,,,,147.4,pm25
Pune,"Revenue Colony-Shivajinagar, Pune - IITM",11613,,2021-11-24,,,122.5,78.5,,160.6,115.3,,,,,160.6,pm25
Pune,"Revenue Colony-Shivajinagar, Pune - IITM",11613,,2021-11-25,,,118.9,76.2,,152.7,112.9,,,,,152.7,pm25
Pune,"Revenue Colony-Shivajinagar, Pune - IITM",11613,,2021-11-26,,,78.6,50.4,,83.8,78.6,,,,,83.8,pm25
Pune,"Revenue Colony-Shivajinagar, Pune - IITM",11613,,2021-11-27,,,80.6,58.8,,97.9,80.6,,,,,97.9,pm25
Pune,"Revenue Colony-Shivajinagar, Pune - IITM",11613,,2021-11-28,,,,,,,,,,,,,
Pune,"Revenue Colony-Shivajinagar, Pune - IITM",11613,,2021-11-29,,,90.1,66.8,,120.9,90.1,,,,,120.9,pm25
Pune,"Revenue Colony-Shivajinagar, Pune - IITM",11613,,2021-11-30,,,94.9,70.4,,133.2,94.9,,,,,133.2,pm25
Pune,"Revenue Colony-Shivajinagar, Pune - IITM",11613,,2021-12-01,,,69.7,50.6,,84.1,69.7,,,,,84.1,pm25
Pune,"Revenue Colony-Shivajinagar, Pune - IITM",11613,,2021-12-02,,,80.9,60.4,,,80.9,,,,,80.9,pm10
Pune,"Revenue Colony-Shivajinagar, Pune - IITM",11613,,2021-12-03,,,74.8,56.1,,93.3,74.8,,,,,93.3,pm25
Pune,"Revenue Colony-Shivajinagar, Pune - IITM",11613,,2021-12-04,,,83.9,62.8,,107.0,83.9,,,,,107.0,pm25
Pune,"Revenue Colony-Shivajinagar, Pune - IITM",11613,,2021-12-05,,,62.2,45.9,,76.2,62.2,,,,,76.2,pm25
Pune,"Revenue Colony-Shivajinagar, Pune - IITM",11613,,2021-12-06,,,67.0,49.4,,82.1,67.0,,,,,82.1,pm25
Pune,"Revenue Colony-Shivajinagar, Pune - IITM",11613,,2021-12-07,,,79.3,58.7,,97.8,79.3,,,,,97.8,pm25
Pune,"Revenue Colony-Shivajinagar, Pune - IITM",11613,,2021-12-08,,,194.3,155.6,,327.5,163.0,,,,,327.5,pm25
Pune,"Revenue Colony-Shivajinagar, Pune - IITM",11613,,2021-12-09,,,138.7,101.9,,238.3,126.1,,,,,238.3,pm25
Pune,"Revenue Colony-Shivajinagar, Pune - IITM",11613,,2021-12-10,,,158.9,118.2,,293.8,139.5,,,,,293.8,pm25
Pune,"Revenue Colony-Shivajinagar, Pune - IITM",11613,,2021-12-11,,,162.8,120.5,,,142.0,,,,,142.0,pm10
Pune,"Revenue Colony-Shivajinagar, Pune - IITM",11613,,2021-12-12,,,152.4,113.6,,278.2,135.2,,,,,278.2,pm25
Pune,"Revenue Colony-Shivajinagar, Pune - IITM",11613,,2021-12-13,,,142.1,105.3,,249.7,128.3,,,,,249.7,pm25
Pune,"Revenue Colony-Shivajinagar, Pune - IITM",11613,,2021-12-14,,,119.4,80.3,,166.9,113.2,,,,,166.9,pm25
Pune,"Revenue Colony-Shivajinagar, Pune - IITM",11613,,2021-12-15,,,130.3,94.4,,212.5,120.5,,,,,212.5,pm25
Pune,"Revenue Colony-Shivajinagar, Pune - IITM",11613,,2021-12-16,,,130.1,100.0,,231.8,120.3,,,,,231.8,pm25
Pune,"Revenue Colony-Shivajinagar, Pune - IITM",11613,,2021-12-17,,,163.8,126.8,,305.5,142.7,,,,,305.5,pm25
Pune,"Revenue Colony-Shivajinagar, Pune - IITM",11613,,2021-12-18,,,182.5,141.9,,317.1,155.1,,,,,317.1,pm25
Pune,"Revenue Colony-Shivajinagar, Pune - IITM",11613,,2021-12-19,,,166.7,123.2,,302.7,144.6,,,,,302.7,pm25
Pune,"Revenue Colony-Shivajinagar, Pune - IITM",11613,,2021-12-20,,,217.6,167.7,,336.9,178.5,,,,,336.9,pm25
Pune,"Revenue Colony-Shivajinagar, Pune - IITM",11613,,2021-12-21,,,163.0,125.0,,304.1,142.2,,,,,304.1,pm25
Pune,"Revenue Colony-Shivajinagar, Pune - IITM",11613,,2021-12-22,,,258.3,197.7,,359.8,208.3,,,,,359.8,pm25
Pune,"Revenue Colony-Shivajinagar, Pune - IITM",11613,,2021-12-23,,,129.8,96.0,,218.1,120.1,,,,,218.1,pm25
Pune,"Revenue Colony-Shivajinagar, Pune - IITM",11613,,2021-12-24,,,121.1,90.6,,,114.4,,,,,114.4,pm10
Pune,"Revenue Colony-Shivajinagar, Pune - IITM",11613,,2021-12-25,,,169.3,104.6,,247.4,146.4,,,,,247.4,pm25
Pune,"Revenue Colony-Shivajinagar, Pune - IITM",11613,,2021-12-26,,,93.3,67.1,,121.8,93.3,,,,,121.8,pm25
Pune,"Revenue Colony-Shivajinagar, Pune - IITM",11613,,2021-12-27,,,118.0,79.8,,165.0,112.3,,,,,165.0,pm25
Pune,"Revenue Colony-Shivajinagar, Pune - IITM",11613,,2021-12-28,,,,,,,,,,,,,
Pune,"Revenue Colony-Shivajinagar, Pune - IITM",11613,,2021-12-29,,,179.2,136.3,,312.8,152.9,,,,,312.8,pm25
Pune,"Revenue Colony-Shivajinagar, Pune - IITM",11613,,2021-12-30,,,173.6,127.6,,306.1,149.2,,,,,306.1,pm25
Pune,"Revenue Colony-Shivajinagar, Pune - IITM",11613,,2021-12-31,,,220.5,41.2,,68.2,180.4,,,,,180.4,pm10
Pune,"Revenue Colony-Shivajinagar, Pune - IITM",11613,,2022-01-01,,,140.5,13.2,,21.9,127.2,,,,,127.2,pm10
Pune,"Revenue Colony-Shivajinagar, Pune - IITM",11613,,2022-01-02,,,153.3,30.2,,,135.8,,,,,135.8,pm10
Pune,"Revenue Colony-Shivajinagar, Pune - IITM",11613,,2022-01-03,,,,,,,,,,,,,
Pune,"Revenue Colony-Shivajinagar, Pune - IITM",11613,,2022-01-04,,,,,,,,,,,,,
Pune,"Revenue Colony-Shivajinagar, Pune - IITM",11613,,2022-01-05,,,21.8,13.5,,22.5,21.8,,,,,22.5,pm25
Pune,"Revenue Colony-Shivajinagar, Pune - IITM",11613,,2022-01-06,,,,,,,,,,,,,
Pune,"Revenue Colony-Shivajinagar, Pune - IITM",11613,,2022-01-07,,,,,,,,,,,,,
Pune,"Revenue Colony-Shivajinagar, Pune - IITM",11613,,2022-01-08,,,,,,,,,,,,,
Pune,"Revenue Colony-Shivajinagar, Pune - IITM",11613,,2022-01-09,,,,,,,,,,,,,
Pune,"Revenue Colony-Shivajinagar, Pune - IITM",11613,,2022-01-10,,,,,,,,,,,,,
Pune,"Revenue Colony-Shivajinagar, Pune - IITM",11613,,2022-01-11,,,,,,,,,,,,,
Pune,"Revenue Colony-Shivajinagar, Pune - IITM",11613,,2022-01-12,,,,,,,,,,,,,
Pune,"Revenue Colony-Shivajinagar, Pune - IITM",11613,,2022-01-13,,,,,,,,,,,,,
Pune,"Revenue Colony-Shivajinagar, Pune - IITM",11613,,2022-01-14,,,,,,,,,,,,,
Pune,"Revenue Colony-Shivajinagar, Pune - IITM",11613,,2022-01-15,,,,,,,,,,,,,
Pune,"Revenue Colony-Shivajinagar, Pune - IITM",11613,,2022-01-16,,,,,,,,,,,,,
Pune,"Revenue Colony-Shivajinagar, Pune - IITM",11613,,2022-01-17,,,,,,,,,,,,,
Pune,"Revenue Colony-Shivajinagar, Pune - IITM",11613,,2022-01-18,,,,,,,,,,,,,
Pune,"Revenue Colony-Shivajinagar, Pune - IITM",11613,,2022-01-19,,,,,,,,,,,,,
Pune,"Revenue Colony-Shivajinagar, Pune - IITM",11613,,2022-01-20,,,68.4,45.2,,75.1,68.4,,,,,75.1,pm25
Pune,"Revenue Colony-Shivajinagar, Pune - IITM",11613,,2022-01-21,,,74.0,54.2,,90.1,74.0,,,,,90.1,pm25
Pune,"Revenue Colony-Shivajinagar, Pune - IITM",11613,,2022-01-22,,,62.0,45.0,,74.7,62.0,,,,,74.7,pm25
Pune,"Revenue Colony-Shivajinagar, Pune - IITM",11613,,2022-01-23,,,291.3,199.7,,361.4,241.3,,,,,361.4,pm25
Pune,"Revenue Colony-Shivajinagar, Pune - IITM",11613,,2022-01-24,,,152.0,103.8,,244.7,134.9,,,,,244.7,pm25
Pune,"Revenue Colony-Shivajinagar, Pune - IITM",11613,,2022-01-25,,,40.8,26.7,,44.4,40.8,,,,,44.4,pm25
Pune,"Revenue Colony-Shivajinagar, Pune - IITM",11613,,2022-01-26,,,12.6,7.2,,11.9,12.6,,,,,12.6,pm10
Pune,"Revenue Colony-Shivajinagar, Pune - IITM",11613,,2022-01-27,,,,,,,,,,,,,
Pune,"Revenue Colony-Shivajinagar, Pune - IITM",11613,,2022-01-28,,,156.0,105.9,,251.9,137.5,,,,,251.9,pm25
Pune,"Revenue Colony-Shivajinagar, Pune - IITM",11613,,2022-01-29,,,142.2,96.6,,220.0,128.4,,,,,220.0,pm25
Pune,"Revenue Colony-Shivajinagar, Pune - IITM",11613,,2022-01-30,,,111.5,75.4,,150.2,108.0,,,,,150.2,pm25
Pune,"Revenue Colony-Shivajinagar, Pune - IITM",11613,,2022-01-31,,,98.4,66.3,,119.2,98.4,,,,,119.2,pm25
Pune,"Revenue Colony-Shivajinagar, Pune - IITM",11613,,2022-02-01,,,80.2,53.8,,89.6,80.2,,,,,89.6,pm25
Pune,"Revenue Colony-Shivajinagar, Pune - IITM",11613,,2022-02-02,,,100.9,72.1,,139.0,,,,,,139.0,pm25
Pune,"Revenue Colony-Shivajinagar, Pune - IITM",11613,,2022-02-03,,,70.7,51.0,,84.8,70.7,,,,,84.8,pm25
Pune,"Revenue Colony-Shivajinagar, Pune - IITM",11613,,2022-02-04,,,92.1,68.3,,125.8,92.1,,,,,125.8,pm25
Pune,"Revenue Colony-Shivajinagar, Pune - IITM",11613,,2022-02-05,,,112.0,83.4,,177.6,108.3,,,,,177.6,pm25
Pune,"Revenue Colony-Shivajinagar, Pune - IITM",11613,,2022-02-06,,,142.2,106.2,,252.9,128.4,,,,,252.9,pm25
Pune,"Revenue Colony-Shivajinagar, Pune - IITM",11613,,2022-02-07,,,,,,,,,,,,,
Pune,"Revenue Colony-Shivajinagar, Pune - IITM",11613,,2022-02-08,,,,,,,,,,,,,
Pune,"Revenue Colony-Shivajinagar, Pune - IITM",11613,,2022-02-09,,,,,,,,,,,,,
Pune,"Revenue Colony-Shivajinagar, Pune - IITM",11613,,2022-02-10,,,,,,,,,,,,,
Pune,"Revenue Colony-Shivajinagar, Pune - IITM",11613,,2022-02-11,,,,,,,,,,,,,
Pune,"Revenue Colony-Shivajinagar, Pune - IITM",11613,,2022-02-12,,,,,,,,,,,,,
Pune,"Revenue Colony-Shivajinagar, Pune - IITM",11613,,2022-02-13,,,,,,,,,,,,,
Pune,"Revenue Colony-Shivajinagar, Pune - IITM",11613,,2022-02-14,,,,,,,,,,,,,
Pune,"Revenue Colony-Shivajinagar, Pune - IITM",11613,,2022-02-15,,,,,,,,,,,,,
Pune,"Revenue Colony-Shivajinagar, Pune - IITM",11613,,2022-02-16,,,,,,,,,,,,,
Pune,"Revenue Colony-Shivajinagar, Pune - IITM",11613,,2022-02-17,,,,,,,,,,,,,
Pune,"Revenue Colony-Shivajinagar, Pune - IITM",11613,,2022-02-18,,,,,,,,,,,,,
Pune,"Revenue Colony-Shivajinagar, Pune - IITM",11613,,2022-02-19,,,,,,,,,,,,,
Pune,"Revenue Colony-Shivajinagar, Pune - IITM",11613,,2022-02-20,,,,,,,,,,,,,
Pune,"Revenue Colony-Shivajinagar, Pune - IITM",11613,,2022-02-21,,,,,,,,,,,,,
Pune,"Revenue Colony-Shivajinagar, Pune - IITM",11613,,2022-02-22,,,,,,,,,,,,,
Pune,"Revenue Colony-Shivajinagar, Pune - IITM",11613,,2022-02-23,,,,,,,,,,,,,
Pune,"Revenue Colony-Shivajinagar, Pune - IITM",11613,,2022-02-24,,,,,,,,,,,,,
Pune,"Revenue Colony-Shivajinagar, Pune - IITM",11613,,2022-02-25,,,,,,,,,,,,,
Pune,"Revenue Colony-Shivajinagar, Pune - IITM",11613,,2022-02-26,,,,,,,,,,,,,
Pune,"Revenue Colony-Shivajinagar, Pune - IITM",11613,,2022-02-27,,,,,,,,,,,,,
Pune,"Revenue Colony-Shivajinagar, Pune - IITM",11613,,2022-02-28,,,,,,,,,,,,,
Pune,"Revenue Colony-Shivajinagar, Pune - IITM",11613,,2022-03-01,,,,,,,,,,,,,
Pune,"Revenue Colony-Shivajinagar, Pune - IITM",11613,,2022-03-02,,,,,,,,,,,,,
Pune,"Revenue Colony-Shivajinagar, Pune - IITM",11613,,2022-03-03,,,,,,,,,,,,,
Pune,"Revenue Colony-Shivajinagar, Pune - IITM",11613,,2022-03-04,,,,,,,,,,,,,
Pune,"Revenue Colony-Shivajinagar, Pune - IITM",11613,,2022-03-05,,,,,,,,,,,,,
Pune,"Revenue Colony-Shivajinagar, Pune - IITM",11613,,2022-03-06,,,,,,,,,,,,,
Pune,"Revenue Colony-Shivajinagar, Pune - IITM",11613,,2022-03-07,,,,,,,,,,,,,
Pune,"Revenue Colony-Shivajinagar, Pune - IITM",11613,,2022-03-08,,,,,,,,,,,,,
Pune,"Revenue Colony-Shivajinagar, Pune - IITM",11613,,2022-03-09,,,,,,,,,,,,,
Pune,"Revenue Colony-Shivajinagar, Pune - IITM",11613,,2022-03-10,,,,,,,,,,,,,
Pune,"Revenue Colony-Shivajinagar, Pune - IITM",11613,,2022-03-11,,,,,,,,,,,,,
Pune,"Revenue Colony-Shivajinagar, Pune - IITM",11613,,2022-03-12,,,,,,,,,,,,,
Pune,"Revenue Colony-Shivajinagar, Pune - IITM",11613,,2022-03-13,,,,,,,,,,,,,
Pune,"Revenue Colony-Shivajinagar, Pune - IITM",11613,,2022-03-14,,,,,,,,,,,,,
Pune,"Revenue Colony-Shivajinagar, Pune - IITM",11613,,2022-03-15,,,,,,,,,,,,,
Pune,"Revenue Colony-Shivajinagar, Pune - IITM",11613,,2022-03-16,,,,,,,,,,,,,
Pune,"Revenue Colony-Shivajinagar, Pune - IITM",11613,,2022-03-17,,,,,,,,,,,,,
Pune,"Revenue Colony-Shivajinagar, Pune - IITM",11613,,2022-03-18,,,,,,,,,,,,,
Pune,"Revenue Colony-Shivajinagar, Pune - IITM",11613,,2022-03-19,,,,,,,,,,,,,
Pune,"Revenue Colony-Shivajinagar, Pune - IITM",11613,,2022-03-20,,,,,,,,,,,,,
Pune,"Revenue Colony-Shivajinagar, Pune - IITM",11613,,2022-03-21,,,,,,,,,,,,,
Pune,"Revenue Colony-Shivajinagar, Pune - IITM",11613,,2022-03-22,,,,,,,,,,,,,
Pune,"Revenue Colony-Shivajinagar, Pune - IITM",11613,,2022-03-23,,,,,,,,,,,,,
Pune,"Revenue Colony-Shivajinagar, Pune - IITM",11613,,2022-03-24,,,339.0,263.0,,401.0,289.0,,,,,401.0,pm25
Pune,"Revenue Colony-Shivajinagar, Pune - IITM",11613,,2022-03-25,,,159.5,120.7,,,139.9,,,,,139.9,pm10
Pune,"Revenue Colony-Shivajinagar, Pune - IITM",11613,,2022-03-26,,,131.2,99.4,,229.6,121.0,,,,,229.6,pm25
Pune,"Revenue Colony-Shivajinagar, Pune - IITM",11613,,2022-03-27,,,118.1,82.4,,174.1,112.4,,,,,174.1,pm25
Pune,"Revenue Colony-Shivajinagar, Pune - IITM",11613,,2022-03-28,,,,,,,,,,,,,
Pune,"Revenue Colony-Shivajinagar, Pune - IITM",11613,,2022-03-29,,,113.8,38.4,,63.5,109.5,,,,,109.5,pm10
Pune,"Revenue Colony-Shivajinagar, Pune - IITM",11613,,2022-03-30,,,58.7,39.1,,64.7,58.7,,,,,64.7,pm25
Pune,"Revenue Colony-Shivajinagar, Pune - IITM",11613,,2022-03-31,,,90.1,31.1,,51.2,90.1,,,,,90.1,pm10
Pune,"Revenue Colony-Shivajinagar, Pune - IITM",11613,,2022-04-01,,,116.3,59.0,,98.3,111.2,,,,,111.2,pm10
Pune,"Revenue Colony-Shivajinagar, Pune - IITM",11613,,2022-04-02,,,134.3,61.2,,101.6,123.1,,,,,123.1,pm10
Pune,"Revenue Colony-Shivajinagar, Pune - IITM",11613,,2022-04-03,,,140.0,77.9,,158.8,126.9,,,,,158.8,pm25
Pune,"Revenue Colony-Shivajinagar, Pune - IITM",11613,,2022-04-04,,,151.2,84.3,,180.7,134.3,,,,,180.7,pm25
Pune,"Revenue Colony-Shivajinagar, Pune - IITM",11613,,2022-04-05,,,112.4,76.5,,153.8,108.6,,,,,153.8,pm25
Pune,"Revenue Colony-Shivajinagar, Pune - IITM",11613,,2022-04-06,,,124.6,89.8,,199.5,116.7,,,,,199.5,pm25
Pune,"Revenue Colony-Shivajinagar, Pune - IITM",11613,,2022-04-07,,,84.0,64.6,,113.1,84.0,,,,,113.1,pm25
Pune,"Revenue Colony-Shivajinagar, Pune - IITM",11613,,2022-04-08,,,111.5,85.6,,184.9,107.9,,,,,184.9,pm25
Pune,"Revenue Colony-Shivajinagar, Pune - IITM",11613,,2022-04-09,,,93.2,70.6,,133.7,93.2,,,,,133.7,pm25
Pune,"Revenue Colony-Shivajinagar, Pune - IITM",11613,,2022-04-10,,,90.3,68.4,,126.3,90.3,,,,,126.3,pm25
Pune,"Revenue Colony-Shivajinagar, Pune - IITM",11613,,2022-04-11,,,94.6,69.3,,129.4,94.6,,,,,129.4,pm25
Pune,"Revenue Colony-Shivajinagar, Pune - IITM",11613,,2022-04-12,,,90.6,68.7,,127.4,90.6,,,,,127.4,pm25
Pune,"Revenue Colony-Shivajinagar, Pune - IITM",11613,,2022-04-13,,,131.1,101.2,,235.7,121.0,,,,,235.7,pm25
Pune,"Revenue Colony-Shivajinagar, Pune - IITM",11613,,2022-04-14,,,111.4,85.7,,185.2,107.9,,,,,185.2,pm25
Pune,"Revenue Colony-Shivajinagar, Pune - IITM",11613,,2022-04-15,,,81.0,61.4,,102.4,81.0,,,,,102.4,pm25
Pune,"Revenue Colony-Shivajinagar, Pune - IITM",11613,,2022-04-16,,,99.8,76.5,,154.0,99.8,,,,,154.0,pm25
Pune,"Revenue Colony-Shivajinagar, Pune - IITM",11613,,2022-04-17,,,,,,,,,,,,,
Pune,"Revenue Colony-Shivajinagar, Pune - IITM",11613,,2022-04-18,,,101.0,77.6,,157.8,101.0,,,,,157.8,pm25
Pune,"Revenue Colony-Shivajinagar, Pune - IITM",11613,,2022-04-19,,,101.6,78.1,,159.3,101.4,,,,,159.3,pm25
Pune,"Revenue Colony-Shivajinagar, Pune - IITM",11613,,2022-04-20,,,94.4,72.3,,139.6,94.4,,,,,139.6,pm25
Pune,"Revenue Colony-Shivajinagar, Pune - IITM",11613,,2022-04-21,,,132.9,102.9,,241.7,122.2,,,,,241.7,pm25
Pune,"Revenue Colony-Shivajinagar, Pune - IITM",11613,,2022-04-22,,,121.7,93.4,,209.2,114.7,,,,,209.2,pm25
Pune,"Revenue Colony-Shivajinagar, Pune - IITM",11613,,2022-04-23,,,102.8,78.7,,161.5,102.2,,,,,161.5,pm25
Pune,"Revenue Colony-Shivajinagar, Pune - IITM",11613,,2022-04-24,,,111.2,85.6,,184.8,107.8,,,,,184.8,pm25
Pune,"Revenue Colony-Shivajinagar, Pune - IITM",11613,,2022-04-25,,,90.6,69.2,,129.1,90.6,,,,,129.1,pm25
Pune,"Revenue Colony-Shivajinagar, Pune - IITM",11613,,2022-04-26,,,110.5,85.2,,183.5,107.3,,,,,183.5,pm25
Pune,"Revenue Colony-Shivajinagar, Pune - IITM",11613,,2022-04-27,,,,,,,,,,,,,
Pune,"Revenue Colony-Shivajinagar, Pune - IITM",11613,,2022-04-28,,,100.5,77.5,,157.2,,,,,,157.2,pm25
Pune,"Revenue Colony-Shivajinagar, Pune - IITM",11613,,2022-04-29,,,97.7,75.1,,149.1,97.7,,,,,149.1,pm25
Pune,"Revenue Colony-Shivajinagar, Pune - IITM",11613,,2022-04-30,,,71.2,53.9,,89.7,71.2,,,,,89.7,pm25
Pune,"Revenue Colony-Shivajinagar, Pune - IITM",11613,,2022-05-01,,,70.0,53.0,,88.2,70.0,,,,,88.2,pm25
Pune,"Revenue Colony-Shivajinagar, Pune - IITM",11613,,2022-05-02,,,70.5,53.4,,88.8,70.5,,,,,88.8,pm25
Pune,"Revenue Colony-Shivajinagar, Pune - IITM",11613,,2022-05-03,,,,,,,,,,,,,
Pune,"Revenue Colony-Shivajinagar, Pune - IITM",11613,,2022-05-04,,,100.8,77.5,,157.3,,,,,,157.3,pm25
Pune,"Revenue Colony-Shivajinagar, Pune - IITM",11613,,2022-05-05,,,108.7,83.7,,178.4,106.1,,,,,178.4,pm25
Pune,"Revenue Colony-Shivajinagar, Pune - IITM",11613,,2022-05-06,,,145.2,112.7,,275.2,130.4,,,,,275.2,pm25
Pune,"Revenue Colony-Shivajinagar, Pune - IITM",11613,,2022-05-07,,,143.6,111.4,,270.7,129.3,,,,,270.7,pm25
Pune,"Revenue Colony-Shivajinagar, Pune - IITM",11613,,2022-05-08,,,131.3,101.9,,238.2,121.1,,,,,238.2,pm25
Pune,"Revenue Colony-Shivajinagar, Pune - IITM",11613,,2022-05-09,,,96.7,78.8,,161.7,96.7,,,,,161.7,pm25
Pune,"Revenue Colony-Shivajinagar, Pune - IITM",11613,,2022-05-10,,,,,,,,,,,,,
Pune,"Revenue Colony-Shivajinagar, Pune - IITM",11613,,2022-05-11,,,108.9,83.9,,179.3,106.2,,,,,179.3,pm25
Pune,"Revenue Colony-Shivajinagar, Pune - IITM",11613,,2022-05-12,,,108.1,83.2,,176.8,105.7,,,,,176.8,pm25
Pune,"Revenue Colony-Shivajinagar, Pune - IITM",11613,,2022-05-13,,,102.6,78.9,,162.1,102.1,,,,,162.1,pm25
Pune,"Revenue Colony-Shivajinagar, Pune - IITM",11613,,2022-05-14,,,109.9,84.4,,180.9,106.9,,,,,180.9,pm25
Pune,"Revenue Colony-Shivajinagar, Pune - IITM",11613,,2022-05-15,,,108.8,83.7,,178.5,106.2,,,,,178.5,pm25
Pune,"Revenue Colony-Shivajinagar, Pune - IITM",11613,,2022-05-16,,,117.3,90.6,,,111.8,,,,,111.8,pm10
Pune,"Revenue Colony-Shivajinagar, Pune - IITM",11613,,2022-05-17,,,119.3,92.1,,204.9,113.2,,,,,204.9,pm25
Pune,"Revenue Colony-Shivajinagar, Pune - IITM",11613,,2022-05-18,,,,,,,,,,,,,
Pune,"Revenue Colony-Shivajinagar, Pune - IITM",11613,,2022-05-19,,,,,,,,,,,,,
Pune,"Revenue Colony-Shivajinagar, Pune - IITM",11613,,2022-05-20,,,,,,,,,,,,,
Pune,"Revenue Colony-Shivajinagar, Pune - IITM",11613,,2022-05-21,,,,,,,,,,,,,
Pune,"Revenue Colony-Shivajinagar, Pune - IITM",11613,,2022-05-22,,,,,,,,,,,,,
Pune,"Revenue Colony-Shivajinagar, Pune - IITM",11613,,2022-05-23,,,,,,,,,,,,,
Pune,"Revenue Colony-Shivajinagar, Pune - IITM",11613,,2022-05-24,,,83.5,63.7,,110.2,83.5,,,,,110.2,pm25
Pune,"Revenue Colony-Shivajinagar, Pune - IITM",11613,,2022-05-25,,,93.4,71.5,,136.9,93.4,,,,,136.9,pm25
Pune,"Revenue Colony-Shivajinagar, Pune - IITM",11613,,2022-05-26,,,91.6,70.1,,132.1,91.6,,,,,132.1,pm25
Pune,"Revenue Colony-Shivajinagar, Pune - IITM",11613,,2022-05-27,,,,,,,,,,,,,
Pune,"Revenue Colony-Shivajinagar, Pune - IITM",11613,,2022-05-28,,,70.4,53.2,,88.5,70.4,,,,,88.5,pm25
Pune,"Revenue Colony-Shivajinagar, Pune - IITM",11613,,2022-05-29,,,76.2,58.0,,96.6,76.2,,,,,96.6,pm25
Pune,"Revenue Colony-Shivajinagar, Pune - IITM",11613,,2022-05-30,,,87.8,67.1,,121.9,87.8,,,,,121.9,pm25
Pune,"Revenue Colony-Shivajinagar, Pune - IITM",11613,,2022-05-31,,,32.6,24.7,,41.1,32.6,,,,,41.1,pm25
Pune,"Revenue Colony-Shivajinagar, Pune - IITM",11613,,2022-06-01,,,86.3,65.9,,117.8,86.3,,,,,117.8,pm25
Pune,"Revenue Colony-Shivajinagar, Pune - IITM",11613,,2022-06-02,,,99.8,76.5,,153.8,99.8,,,,,153.8,pm25
Pune,"Revenue Colony-Shivajinagar, Pune - IITM",11613,,2022-06-03,,,102.7,79.0,,162.4,102.1,,,,,162.4,pm25
Pune,"Revenue Colony-Shivajinagar, Pune - IITM",11613,,2022-06-04,,,88.4,67.6,,123.5,88.4,,,,,123.5,pm25
Pune,"Revenue Colony-Shivajinagar, Pune - IITM",11613,,2022-06-05,,,81.5,61.9,,104.0,81.5,,,,,104.0,pm25
Pune,"Revenue Colony-Shivajinagar, Pune - IITM",11613,,2022-06-06,,,66.0,49.8,,82.7,66.0,,,,,82.7,pm25
Pune,"Revenue Colony-Shivajinagar, Pune - IITM",11613,,2022-06-07,,,74.0,56.1,,93.4,74.0,,,,,93.4,pm25
Pune,"Revenue Colony-Shivajinagar, Pune - IITM",11613,,2022-06-08,,,62.3,46.4,,77.1,62.3,,,,,77.1,pm25
Pune,"Revenue Colony-Shivajinagar, Pune - IITM",11613,,2022-06-09,,,64.4,47.2,,78.4,64.4,,,,,78.4,pm25
Pune,"Revenue Colony-Shivajinagar, Pune - IITM",11613,,2022-06-10,,,55.4,40.8,,67.6,55.4,,,,,67.6,pm25
Pune,"Revenue Colony-Shivajinagar, Pune - IITM",11613,,2022-06-11,,,44.7,32.7,,53.9,44.7,,,,,53.9,pm25
Pune,"Revenue Colony-Shivajinagar, Pune - IITM",11613,,2022-06-12,,,47.9,35.3,,58.2,47.9,,,,,58.2,pm25
Pune,"Revenue Colony-Shivajinagar, Pune - IITM",11613,,2022-06-13,,,57.6,43.0,,71.2,57.6,,,,,71.2,pm25
Pune,"Revenue Colony-Shivajinagar, Pune - IITM",11613,,2022-06-14,,,64.9,48.8,,81.1,64.9,,,,,81.1,pm25
Pune,"Revenue Colony-Shivajinagar, Pune - IITM",11613,,2022-06-15,,,64.7,48.6,,80.7,64.7,,,,,80.7,pm25
Pune,"Revenue Colony-Shivajinagar, Pune - IITM",11613,,2022-06-16,,,65.1,48.8,,81.2,65.1,,,,,81.2,pm25
Pune,"Revenue Colony-Shivajinagar, Pune - IITM",11613,,2022-06-17,,,56.9,42.3,,70.1,56.9,,,,,70.1,pm25
Pune,"Revenue Colony-Shivajinagar, Pune - IITM",11613,,2022-06-18,,,60.0,44.8,,74.3,60.0,,,,,74.3,pm25
Pune,"Revenue Colony-Shivajinagar, Pune - IITM",11613,,2022-06-19,,,53.7,39.6,,65.5,53.7,,,,,65.5,pm25
Pune,"Revenue Colony-Shivajinagar, Pune - IITM",11613,,2022-06-20,,,48.5,35.8,,59.2,48.5,,,,,59.2,pm25
Pune,"Revenue Colony-Shivajinagar, Pune - IITM",11613,,2022-06-21,,,54.2,40.2,,66.5,54.2,,,,,66.5,pm25
Pune,"Revenue Colony-Shivajinagar, Pune - IITM",11613,,2022-06-22,,,64.0,47.8,,79.3,64.0,,,,,79.3,pm25
Pune,"Revenue Colony-Shivajinagar, Pune - IITM",11613,,2022-06-23,,,,,,,,,,,,,
Pune,"Revenue Colony-Shivajinagar, Pune - IITM",11613,,2022-06-24,,,,,,,,,,,,,
Pune,"Revenue Colony-Shivajinagar, Pune - IITM",11613,,2022-06-25,,,,,,,,,,,,,
Pune,"Revenue Colony-Shivajinagar, Pune - IITM",11613,,2022-06-26,,,,,,,,,,,,,
Pune,"Revenue Colony-Shivajinagar, Pune - IITM",11613,,2022-06-27,,,,,,,,,,,,,
Pune,"Revenue Colony-Shivajinagar, Pune - IITM",11613,,2022-06-28,,,,,,,,,,,,,
Pune,"Revenue Colony-Shivajinagar, Pune - IITM",11613,,2022-06-29,,,,,,,,,,,,,
Pune,"Revenue Colony-Shivajinagar, Pune - IITM",11613,,2022-06-30,,,,,,,,,,,,,
Pune,"Revenue Colony-Shivajinagar, Pune - IITM",11613,,2022-07-01,,,,,,,,,,,,,
Pune,"Revenue Colony-Shivajinagar, Pune - IITM",11613,,2022-07-02,,,,,,,,,,,,,
Pune,"Revenue Colony-Shivajinagar, Pune - IITM",11613,,2022-07-03,,,,,,,,,,,,,
Pune,"Revenue Colony-Shivajinagar, Pune - IITM",11613,,2022-07-04,,,54.8,40.9,,67.8,54.8,,,,,67.8,pm25
Pune,"Revenue Colony-Shivajinagar, Pune - IITM",11613,,2022-07-05,,,56.7,42.3,,70.1,56.7,,,,,70.1,pm25
Pune,"Revenue Colony-Shivajinagar, Pune - IITM",11613,,2022-07-06,,,55.4,41.2,,68.3,55.4,,,,,68.3,pm25
Pune,"Revenue Colony-Shivajinagar, Pune - IITM",11613,,2022-07-07,,,58.7,44.1,,73.2,58.7,,,,,73.2,pm25
Pune,"Revenue Colony-Shivajinagar, Pune - IITM",11613,,2025-02-18,77.1,,,,9.2,,,96.4,,,11.5,96.4,no2
Pune,"Revenue Colony-Shivajinagar, Pune - IITM",11613,1.3,2025-02-19,92.8,146.6,,,18.1,,,112.8,168.4,61.1,22.6,168.4,o3
Pune,"Revenue Colony-Shivajinagar, Pune - IITM",11613,3.2,2025-02-20,107.9,84.6,,,13.2,,,127.9,84.6,114.7,16.5,127.9,no2
Pune,"Revenue Colony-Shivajinagar, Pune - IITM",11613,2.6,2025-02-21,108.0,59.5,,,12.9,,,128.0,59.5,107.2,16.2,128.0,no2
Pune,"Revenue Colony-Shivajinagar, Pune - IITM",11613,2.5,2025-02-22,106.8,75.6,,,14.7,,,126.8,75.6,106.1,18.4,126.8,no2
Pune,"Revenue Colony-Shivajinagar, Pune - IITM",11613,2.2,2025-02-23,103.0,72.6,,,14.8,,,123.0,72.6,102.3,18.5,123.0,no2
Pune,"Revenue Colony-Shivajinagar, Pune - IITM",11613,2.0,2025-02-24,122.5,75.6,,,16.8,,,142.5,75.6,,20.9,142.5,no2
Pune,"Revenue Colony-Shivajinagar, Pune - IITM",11613,2.1,2025-02-25,111.6,69.5,,,15.9,,,131.6,69.5,,19.9,131.6,no2
Pune,"Revenue Colony-Shivajinagar, Pune - IITM",11613,3.0,2025-02-26,98.5,82.0,,,15.9,,,118.5,82.0,112.0,19.8,118.5,no2
Pune,"Revenue Colony-Shivajinagar, Pune - IITM",11613,2.5,2025-02-27,71.3,70.2,,,18.1,,,89.1,70.2,105.5,22.6,105.5,co
Pune,"Revenue Colony-Shivajinagar, Pune - IITM",11613,2.3,2025-02-28,135.5,101.1,,,13.9,,,155.5,101.1,103.0,17.4,155.5,no2
Pune,"Revenue Colony-Shivajinagar, Pune - IITM",11613,1.5,2025-03-01,102.3,117.1,,,17.5,,,122.3,124.8,71.5,21.9,124.8,o3
Pune,"Revenue Colony-Shivajinagar, Pune - IITM",11613,0.9,2025-03-02,91.6,85.1,,,19.4,,,111.6,85.1,44.7,24.2,111.6,no2
Pune,"Revenue Colony-Shivajinagar, Pune - IITM",11613,1.6,2025-03-03,104.8,69.5,,,15.2,,,124.8,69.5,78.6,18.9,124.8,no2
Pune,"Revenue Colony-Shivajinagar, Pune - IITM",11613,1.9,2025-03-04,104.3,63.0,,,17.7,,,124.3,63.0,94.3,22.1,124.3,no2
Pune,"Revenue Colony-Shivajinagar, Pune - IITM",11613,1.5,2025-03-05,113.0,60.8,,,17.0,,,133.0,60.8,71.3,21.3,133.0,no2
Pune,"Revenue Colony-Shivajinagar, Pune - IITM",11613,2.3,2025-03-06,120.6,69.3,,,14.7,,,140.6,69.3,103.3,18.4,140.6,no2
Pune,"Revenue Colony-Shivajinagar, Pune - IITM",11613,2.6,2025-03-07,135.6,63.8,,,17.1,,,155.6,63.8,106.7,21.3,155.6,no2
Pune,"Revenue Colony-Shivajinagar, Pune - IITM",11613,1.4,2025-03-08,121.5,107.1,,,19.6,,,141.5,110.1,67.5,24.4,141.5,no2
Pune,"Revenue Colony-Shivajinagar, Pune - IITM",11613,1.8,2025-03-09,115.6,66.2,,,19.6,,,135.6,66.2,86.6,24.5,135.6,no2
Pune,"Revenue Colony-Shivajinagar, Pune - IITM",11613,2.5,2025-03-10,127.0,56.4,,,19.7,,,147.0,56.4,105.9,24.6,147.0,no2
Pune,"Revenue Colony-Shivajinagar, Pune - IITM",11613,3.6,2025-03-11,128.2,81.7,,,18.4,,,148.2,81.7,120.1,22.9,148.2,no2
Pune,"Revenue Colony-Shivajinagar, Pune - IITM",11613,2.1,2025-03-12,108.2,63.8,,,19.3,,,128.2,63.8,,24.1,128.2,no2
Pune,"Revenue Colony-Shivajinagar, Pune - IITM",11613,1.3,2025-03-13,91.2,107.0,,,19.7,,,111.2,109.9,59.9,24.6,111.2,no2
Pune,"Revenue Colony-Shivajinagar, Pune - IITM",11613,0.9,2025-03-14,76.8,118.9,,,19.2,,,96.0,127.4,45.9,24.0,127.4,o3
Pune,"Revenue Colony-Shivajinagar, Pune - IITM",11613,0.8,2025-03-15,79.6,95.2,,,15.2,,,99.5,95.2,38.0,19.0,99.5,no2
Pune,"Revenue Colony-Shivajinagar, Pune - IITM",11613,1.1,2025-03-16,87.5,93.2,,,11.1,,,107.5,93.2,53.5,13.9,107.5,no2
Pune,"Revenue Colony-Shivajinagar, Pune - IITM",11613,1.1,2025-03-17,83.1,70.8,,,12.0,,,103.1,70.8,,15.0,103.1,no2
Pune,"Revenue Colony-Shivajinagar, Pune - IITM",11613,0.9,2025-03-18,83.9,95.8,,,12.0,,,103.9,95.8,45.7,15.0,103.9,no2
Pune,"Revenue Colony-Shivajinagar, Pune - IITM",11613,1.0,2025-03-19,79.4,102.4,,,13.7,,,99.2,103.0,47.9,17.1,103.0,o3
Pune,"Revenue Colony-Shivajinagar, Pune - IITM",11613,0.8,2025-03-20,70.6,54.1,,,7.7,,,88.2,54.1,40.9,9.6,88.2,no2
Pune,"Revenue Colony-Shivajinagar, Pune - IITM",11613,1.1,2025-03-21,71.8,78.1,,,10.4,,,89.7,78.1,,12.9,89.7,no2
Pune,"Revenue Colony-Shivajinagar, Pune - IITM",11613,1.2,2025-03-22,88.2,96.0,,,9.4,,,108.2,96.0,55.7,11.8,108.2,no2
Pune,"Revenue Colony-Shivajinagar, Pune - IITM",11613,1.0,2025-03-23,52.4,67.8,,,5.6,,,65.4,67.8,48.8,7.0,67.8,o3
Pune,"Revenue Colony-Shivajinagar, Pune - IITM",11613,1.0,2025-03-24,106.3,47.9,,,14.1,,,126.3,47.9,49.1,17.7,126.3,no2
Pune,"Revenue Colony-Shivajinagar, Pune - IITM",11613,3.2,2025-03-25,39.4,83.5,,,28.6,,,49.2,83.5,115.1,35.8,115.1,co
Pune,"Revenue Colony-Shivajinagar, Pune - IITM",11613,3.3,2025-03-26,39.5,118.9,,,16.7,,,49.3,127.5,116.1,20.8,127.5,o3
Pune,"Revenue Colony-Shivajinagar, Pune - IITM",11613,3.0,2025-03-27,59.9,51.8,,,8.6,,,74.7,51.8,112.2,10.7,112.2,co
Pune,"Revenue Colony-Shivajinagar, Pune - IITM",11613,3.0,2025-03-28,113.9,81.7,,,7.8,,,133.9,81.7,112.7,9.8,133.9,no2
Pune,"Revenue Colony-Shivajinagar, Pune - IITM",11613,1.8,2025-03-29,150.3,58.9,,,18.9,,,170.3,58.9,88.2,23.7,170.3,no2
Pune,"Revenue Colony-Shivajinagar, Pune - IITM",11613,,2025-03-30,,,,,,,,,,,,,
Pune,"Revenue Colony-Shivajinagar, Pune - IITM",11613,1.4,2025-03-31,69.2,548.7,,,6.8,,,86.4,363.4,65.4,8.5,363.4,o3
Pune,"Revenue Colony-Shivajinagar, Pune - IITM",11613,1.8,2025-04-01,127.3,661.4,,,15.5,,,147.3,384.1,86.6,19.4,384.1,o3
Pune,"Revenue Colony-Shivajinagar, Pune - IITM",11613,1.8,2025-04-02,127.2,529.4,,,10.0,,,147.2,359.8,91.7,12.5,359.8,o3
Pune,"Revenue Colony-Shivajinagar, Pune - IITM",11613,1.5,2025-04-03,114.8,106.2,,,11.5,,,134.8,108.6,73.7,14.4,134.8,no2
Pune,"Revenue Colony-Shivajinagar, Pune - IITM",11613,0.9,2025-04-04,47.3,2.9,,,2.1,,,59.0,2.9,43.6,2.7,59.0,no2
Pune,"Revenue Colony-Shivajinagar, Pune - IITM",11613,1.6,2025-04-05,148.8,54.3,,,9.4,,,168.8,54.3,75.8,11.8,168.8,no2
Pune,"Revenue Colony-Shivajinagar, Pune - IITM",11613,1.1,2025-04-06,104.1,56.7,,,11.7,,,124.1,56.7,51.4,14.7,124.1,no2
Pune,"Revenue Colony-Shivajinagar, Pune - IITM",11613,1.4,2025-04-07,130.8,44.2,,,13.3,,,150.8,44.2,65.4,16.6,150.8,no2
Pune,"Revenue Colony-Shivajinagar, Pune - IITM",11613,1.1,2025-04-08,129.8,68.4,,,12.6,,,149.8,68.4,53.1,15.7,149.8,no2
Pune,"Revenue Colony-Shivajinagar, Pune - IITM",11613,,2025-04-09,,,,,,,,,,,,,
Pune,"Revenue Colony-Shivajinagar, Pune - IITM",11613,,2025-04-10,,,,,,,,,,,,,
Pune,"Revenue Colony-Shivajinagar, Pune - IITM",11613,0.8,2025-04-11,22.7,28.1,,,7.5,,,28.3,28.1,42.4,9.3,42.4,co
Pune,"Revenue Colony-Shivajinagar, Pune - IITM",11613,0.9,2025-04-12,28.0,51.9,,,6.7,,,35.0,51.9,47.1,8.3,51.9,o3
Pune,"Revenue Colony-Shivajinagar, Pune - IITM",11613,1.1,2025-04-13,37.7,59.8,,,7.0,,,47.1,59.8,52.0,8.8,59.8,o3
Pune,"Revenue Colony-Shivajinagar, Pune - IITM",11613,1.1,2025-04-14,39.1,35.0,,,8.9,,,48.8,35.0,52.0,11.2,52.0,co
Pune,"Revenue Colony-Shivajinagar, Pune - IITM",11613,1.2,2025-04-15,43.5,76.4,,,7.7,,,54.1,76.4,55.9,9.6,76.4,o3
Pune,"Revenue Colony-Shivajinagar, Pune - IITM",11613,1.0,2025-04-16,35.3,80.5,,,7.3,,,44.1,80.5,48.2,9.2,80.5,o3
Pune,"Revenue Colony-Shivajinagar, Pune - IITM",11613,0.9,2025-04-17,31.2,82.5,,,6.7,,,39.1,82.5,46.0,8.4,82.5,o3
Pune,"Revenue Colony-Shivajinagar, Pune - IITM",11613,0.9,2025-04-18,32.6,85.8,,,6.9,,,40.7,85.8,45.8,8.7,85.8,o3
Pune,"Revenue Colony-Shivajinagar, Pune - IITM",11613,0.9,2025-04-19,33.0,72.0,,,4.9,,,41.2,72.0,46.6,6.2,72.0,o3
Pune,"Revenue Colony-Shivajinagar, Pune - IITM",11613,0.9,2025-04-20,34.1,87.3,,,6.4,,,42.7,87.3,46.4,8.0,87.3,o3
Pune,"Revenue Colony-Shivajinagar, Pune - IITM",11613,1.0,2025-04-21,40.0,87.0,,,6.7,,,,87.0,,8.4,87.0,o3
Pune,"Revenue Colony-Shivajinagar, Pune - IITM",11613,0.4,2025-04-22,46.3,140.6,,,5.8,,,57.7,159.5,18.0,7.3,159.5,o3
Pune,"Revenue Colony-Shivajinagar, Pune - IITM",11613,1.3,2025-04-23,40.1,140.6,,,6.0,,,,159.6,64.0,7.5,159.6,o3
Pune,"Revenue Colony-Shivajinagar, Pune - IITM",11613,1.4,2025-04-24,35.1,91.3,,,8.5,,,43.9,91.3,66.3,10.6,91.3,o3
Pune,"Revenue Colony-Shivajinagar, Pune - IITM",11613,1.7,2025-04-25,39.7,110.9,,,7.3,,,49.7,115.6,86.3,9.2,115.6,o3
Pune,"Revenue Colony-Shivajinagar, Pune - IITM",11613,1.9,2025-04-26,40.3,115.9,,,8.9,,,,123.1,92.7,11.1,123.1,o3
Pune,"Revenue Colony-Shivajinagar, Pune - IITM",11613,1.7,2025-04-27,36.7,105.4,,,7.6,,,45.8,107.4,85.4,9.5,107.4,o3
Pune,"Revenue Colony-Shivajinagar, Pune - IITM",11613,1.5,2025-04-28,33.9,40.1,,,7.2,,,42.4,40.1,71.3,9.1,71.3,co
Pune,"Revenue Colony-Shivajinagar, Pune - IITM",11613,1.4,2025-04-29,32.1,43.4,,,8.6,,,40.1,43.4,66.9,10.8,66.9,co
Pune,"Revenue Colony-Shivajinagar, Pune - IITM",11613,1.5,2025-04-30,28.1,44.6,,,8.2,,,35.1,44.6,70.3,10.3,70.3,co
Pune,"Revenue Colony-Shivajinagar, Pune - IITM",11613,1.7,2025-05-01,12.9,46.8,,,7.1,,,16.1,46.8,82.1,8.8,82.1,co
Pune,"Revenue Colony-Shivajinagar, Pune - IITM",11613,1.9,2025-05-02,24.9,82.1,,,20.0,,,31.1,82.1,92.6,24.9,92.6,co
Pune,"Revenue Colony-Shivajinagar, Pune - IITM",11613,1.3,2025-05-03,29.2,54.3,,,9.8,,,36.5,54.3,63.9,12.3,63.9,co
Pune,"Revenue Colony-Shivajinagar, Pune - IITM",11613,0.9,2025-05-04,33.7,35.5,,,12.3,,,42.2,35.5,43.6,15.4,43.6,co
Pune,"Revenue Colony-Shivajinagar, Pune - IITM",11613,0.7,2025-05-05,21.0,41.5,,,11.1,,,26.3,41.5,34.8,13.8,41.5,o3
Pune,"Revenue Colony-Shivajinagar, Pune - IITM",11613,2.7,2025-05-06,19.4,39.7,,,12.2,,,24.3,39.7,108.4,15.2,108.4,co
Pune,"Revenue Colony-Shivajinagar, Pune - IITM",11613,3.0,2025-05-07,35.3,37.3,,,10.8,,,44.1,37.3,111.7,13.5,111.7,co
Pune,"Revenue Colony-Shivajinagar, Pune - IITM",11613,2.9,2025-05-08,40.6,28.6,,,11.2,,,,28.6,111.3,14.1,111.3,co
Pune,"Revenue Colony-Shivajinagar, Pune - IITM",11613,2.1,2025-05-09,43.6,18.5,,,11.2,,,54.2,18.5,101.0,14.0,101.0,co
Pune,"Revenue Colony-Shivajinagar, Pune - IITM",11613,2.1,2025-05-10,44.8,37.0,,,10.7,,,55.8,37.0,101.4,13.4,101.4,co
Pune,"Revenue Colony-Shivajinagar, Pune - IITM",11613,2.0,2025-05-11,41.8,38.8,,,12.4,,,51.9,38.8,,15.5,51.9,no2
Pune,"Revenue Colony-Shivajinagar, Pune - IITM",11613,2.2,2025-05-12,50.4,38.8,,,10.8,,,62.8,38.8,101.8,13.6,101.8,co
Pune,"Revenue Colony-Shivajinagar, Pune - IITM",11613,0.7,2025-05-13,53.4,11.2,,,11.6,,,66.6,11.2,32.5,14.5,66.6,no2
Pune,"Revenue Colony-Shivajinagar, Pune - IITM",11613,1.7,2025-05-14,46.5,52.3,,,11.1,,,58.0,52.3,81.1,13.8,81.1,co
Pune,"Revenue Colony-Shivajinagar, Pune - IITM",11613,1.4,2025-05-15,36.6,25.2,,,9.5,,,45.8,25.2,66.4,11.9,66.4,co
Pune,"Revenue Colony-Shivajinagar, Pune - IITM",11613,1.2,2025-05-16,29.9,19.4,,,9.1,,,37.4,19.4,56.3,11.3,56.3,co
Pune,"Revenue Colony-Shivajinagar, Pune - IITM",11613,0.9,2025-05-17,33.8,44.7,,,8.0,,,42.3,44.7,43.5,10.0,44.7,o3
Pune,"Revenue Colony-Shivajinagar, Pune - IITM",11613,0.9,2025-05-18,33.8,38.4,,,7.6,,,42.2,38.4,43.2,9.5,43.2,co
Pune,"Revenue Colony-Shivajinagar, Pune - IITM",11613,0.6,2025-05-19,29.6,52.7,,,5.3,,,36.9,52.7,30.7,6.6,52.7,o3
Pune,"Revenue Colony-Shivajinagar, Pune - IITM",11613,1.9,2025-05-20,29.7,44.2,,,7.7,,,37.2,44.2,94.9,9.6,94.9,co
Pune,"Revenue Colony-Shivajinagar, Pune - IITM",11613,2.3,2025-05-21,31.4,27.5,,,8.0,,,39.3,27.5,103.8,10.0,103.8,co
Pune,"Revenue Colony-Shivajinagar, Pune - IITM",11613,1.9,2025-05-22,25.2,13.4,,,5.9,,,31.5,13.4,92.0,7.4,92.0,co
Pune,"Revenue Colony-Shivajinagar, Pune - IITM",11613,1.7,2025-05-23,54.1,12.8,,,8.5,,,67.4,12.8,81.1,10.7,81.1,co
Pune,"Revenue Colony-Shivajinagar, Pune - IITM",11613,2.0,2025-05-24,87.4,12.3,,,7.2,,,107.4,12.3,,9.0,107.4,no2
Pune,"Revenue Colony-Shivajinagar, Pune - IITM",11613,1.4,2025-05-25,85.8,12.8,,,8.6,,,105.8,12.8,65.4,10.7,105.8,no2
Pune,"Revenue Colony-Shivajinagar, Pune - IITM",11613,0.8,2025-05-26,61.9,7.7,,,7.9,,,77.2,7.7,39.5,9.8,77.2,no2
Pune,"Revenue Colony-Shivajinagar, Pune - IITM",11613,1.3,2025-05-27,37.3,15.4,,,8.4,,,46.6,15.4,63.7,10.4,63.7,co
Pune,"Revenue Colony-Shivajinagar, Pune - IITM",11613,1.5,2025-05-28,28.3,11.2,,,7.4,,,35.4,11.2,72.1,9.3,72.1,co
Pune,"Revenue Colony-Shivajinagar, Pune - IITM",11613,1.0,2025-05-29,46.2,30.7,,,8.3,,,57.6,30.7,47.7,10.3,57.6,no2
Pune,"Revenue Colony-Shivajinagar, Pune - IITM",11613,3.6,2025-05-30,54.2,37.4,,,8.1,,,67.6,37.4,119.8,10.2,119.8,co
Pune,"Revenue Colony-Shivajinagar, Pune - IITM",11613,3.6,2025-05-31,52.3,37.8,,,8.7,,,65.2,37.8,120.1,10.9,120.1,co
Pune,"Revenue Colony-Shivajinagar, Pune - IITM",11613,1.0,2025-06-01,50.1,22.9,,,8.2,,,62.5,22.9,,10.2,62.5,no2
Pune,"Revenue Colony-Shivajinagar, Pune - IITM",11613,1.0,2025-06-02,50.2,36.9,,,8.5,,,62.5,36.9,48.2,10.6,62.5,no2
Pune,"Revenue Colony-Shivajinagar, Pune - IITM",11613,0.1,2025-06-03,42.2,7.8,,,6.6,,,52.6,7.8,7.4,8.2,52.6,no2
Pune,"Revenue Colony-Shivajinagar, Pune - IITM",11613,1.7,2025-06-04,25.1,6.8,,,26.4,,,31.4,6.8,82.9,32.9,82.9,co
Pune,"Revenue Colony-Shivajinagar, Pune - IITM",11613,1.6,2025-06-05,15.9,24.0,,,7.6,,,19.9,24.0,77.3,9.5,77.3,co
Pune,"Revenue Colony-Shivajinagar, Pune - IITM",11613,1.3,2025-06-06,18.8,29.3,,,10.8,,,23.5,29.3,62.6,13.5,62.6,co
Pune,"Revenue Colony-Shivajinagar, Pune - IITM",11613,1.3,2025-06-07,18.4,21.8,,,7.6,,,23.0,21.8,64.5,9.5,64.5,co
Pune,"Revenue Colony-Shivajinagar, Pune - IITM",11613,1.4,2025-06-08,13.7,38.0,,,9.9,,,17.1,38.0,66.8,12.4,66.8,co
Pune,"Revenue Colony-Shivajinagar, Pune - IITM",11613,0.9,2025-06-09,14.4,27.6,,,10.2,,,18.0,27.6,45.9,12.7,45.9,co
Pune,"Revenue Colony-Shivajinagar, Pune - IITM",11613,1.2,2025-06-10,2.3,33.6,,,10.7,,,2.9,33.6,54.1,13.4,54.1,co
Pune,"Revenue Colony-Shivajinagar, Pune - IITM",11613,1.0,2025-06-11,0.0,24.6,,,9.2,,,0.0,24.6,,11.5,24.6,o3
Pune,"Revenue Colony-Shivajinagar, Pune - IITM",11613,3.6,2025-06-12,31.6,20.9,,,10.7,,,39.5,20.9,119.6,13.4,119.6,co
Pune,"Revenue Colony-Shivajinagar, Pune - IITM",11613,5.5,2025-06-13,31.3,25.3,,,8.8,,,39.1,25.3,143.9,11.1,143.9,co
Pune,"Revenue Colony-Shivajinagar, Pune - IITM",11613,4.9,2025-06-14,36.2,29.8,,,8.0,,,45.3,29.8,136.1,10.1,136.1,co
Pune,"Revenue Colony-Shivajinagar, Pune - IITM",11613,5.2,2025-06-15,36.8,15.1,,,8.8,,,46.0,15.1,139.4,11.0,139.4,co
Pune,"Revenue Colony-Shivajinagar, Pune - IITM",11613,4.6,2025-06-16,35.4,12.0,,,8.8,,,44.3,12.0,132.0,11.1,132.0,co
Pune,"Revenue Colony-Shivajinagar, Pune - IITM",11613,1.0,2025-06-17,32.4,22.1,,,9.2,,,40.5,22.1,48.6,11.4,48.6,co
Pune,"Revenue Colony-Shivajinagar, Pune - IITM",11613,0.5,2025-06-18,34.9,19.2,,,11.2,,,43.7,19.2,27.4,14.0,43.7,no2
Pune,"Revenue Colony-Shivajinagar, Pune - IITM",11613,0.7,2025-06-19,16.7,9.0,,,8.3,,,20.8,9.0,33.5,10.4,33.5,co
Pune,"Revenue Colony-Shivajinagar, Pune - IITM",11613,0.7,2025-06-20,13.5,19.2,,,10.5,,,16.9,19.2,34.7,13.2,34.7,co
Pune,"Revenue Colony-Shivajinagar, Pune - IITM",11613,0.6,2025-06-21,17.0,11.8,,,10.1,,,21.3,11.8,29.9,12.7,29.9,co
Pune,"Revenue Colony-Shivajinagar, Pune - IITM",11613,0.7,2025-06-22,16.8,20.2,,,9.9,,,21.0,20.2,32.9,12.4,32.9,co
Pune,"Revenue Colony-Shivajinagar, Pune - IITM",11613,0.7,2025-06-23,21.1,18.5,,,8.2,,,26.4,18.5,37.3,10.3,37.3,co
Pune,"Revenue Colony-Shivajinagar, Pune - IITM",11613,0.6,2025-06-24,24.2,21.3,,,8.0,,,30.3,21.3,27.7,10.0,30.3,no2
Pune,"Revenue Colony-Shivajinagar, Pune - IITM",11613,0.6,2025-06-25,21.1,12.6,,,9.6,,,26.3,12.6,31.6,12.0,31.6,co
Pune,"Revenue Colony-Shivajinagar, Pune - IITM",11613,0.6,2025-06-26,22.2,21.4,,,8.7,,,27.7,21.4,29.5,10.9,29.5,co
Pune,"Revenue Colony-Shivajinagar, Pune - IITM",11613,0.7,2025-06-27,23.7,11.5,,,11.5,,,29.7,11.5,33.0,14.4,33.0,co
Pune,"Revenue Colony-Shivajinagar, Pune - IITM",11613,0.8,2025-06-28,18.5,24.0,,,9.6,,,23.1,24.0,41.2,12.0,41.2,co
Pune,"Revenue Colony-Shivajinagar, Pune - IITM",11613,0.8,2025-06-29,18.2,17.7,,,8.6,,,22.7,17.7,41.2,10.7,41.2,co
Pune,"Revenue Colony-Shivajinagar, Pune - IITM",11613,0.6,2025-06-30,17.8,26.7,,,8.8,,,22.3,26.7,27.7,11.0,27.7,co
Pune,"Revenue Colony-Shivajinagar, Pune - IITM",11613,0.5,2025-07-01,17.3,15.9,,,9.2,,,21.6,15.9,23.6,11.5,23.6,co
Pune,"Revenue Colony-Shivajinagar, Pune - IITM",11613,0.5,2025-07-02,19.6,11.4,,,9.4,,,24.5,11.4,24.1,11.7,24.5,no2
Pune,"Revenue Colony-Shivajinagar, Pune - IITM",11613,0.6,2025-07-03,18.6,11.7,,,8.1,,,23.3,11.7,27.6,10.1,27.6,co
Pune,"Revenue Colony-Shivajinagar, Pune - IITM",11613,0.5,2025-07-04,19.2,14.8,,,8.7,,,24.0,14.8,25.2,10.8,25.2,co
Pune,"Revenue Colony-Shivajinagar, Pune - IITM",11613,0.6,2025-07-05,21.8,11.2,,,9.0,,,27.2,11.2,31.4,11.3,31.4,co
Pune,"Revenue Colony-Shivajinagar, Pune - IITM",11613,0.6,2025-07-06,20.5,12.8,,,8.5,,,25.6,12.8,28.8,10.6,28.8,co
Pune,"Revenue Colony-Shivajinagar, Pune - IITM",11613,0.6,2025-07-07,20.3,16.1,,,10.6,,,25.4,16.1,29.1,13.3,29.1,co
Pune,"Revenue Colony-Shivajinagar, Pune - IITM",11613,0.6,2025-07-08,19.9,12.7,,,10.2,,,24.9,12.7,31.2,12.8,31.2,co
Pune,"Revenue Colony-Shivajinagar, Pune - IITM",11613,1.9,2025-07-09,22.9,13.2,,,9.9,,,28.6,13.2,95.6,12.4,95.6,co
Pune,"Revenue Colony-Shivajinagar, Pune - IITM",11613,2.0,2025-07-10,20.7,14.3,,,24.0,,,25.9,14.3,97.4,30.1,97.4,co
Pune,"Revenue Colony-Shivajinagar, Pune - IITM",11613,1.5,2025-07-11,15.6,87.7,,,10.9,,,19.5,87.7,73.0,13.6,87.7,o3
Pune,"Revenue Colony-Shivajinagar, Pune - IITM",11613,0.0,2025-07-12,13.8,20.5,,,10.2,,,17.2,20.5,0.0,12.8,20.5,o3
Pune,"Revenue Colony-Shivajinagar, Pune - IITM",11613,0.0,2025-07-13,14.0,18.0,,,8.6,,,17.5,18.0,0.0,10.7,18.0,o3
Pune,"Revenue Colony-Shivajinagar, Pune - IITM",11613,0.5,2025-07-14,15.6,15.4,,,8.2,,,19.5,15.4,26.2,10.2,26.2,co
Pune,"Revenue Colony-Shivajinagar, Pune - IITM",11613,0.3,2025-07-15,17.3,9.6,,,10.4,,,21.6,9.6,14.8,13.0,21.6,no2
Pune,"Revenue Colony-Shivajinagar, Pune - IITM",11613,0.3,2025-07-16,15.4,13.8,,,8.6,,,19.2,13.8,13.0,10.8,19.2,no2
Pune,"Revenue Colony-Shivajinagar, Pune - IITM",11613,0.6,2025-07-17,17.4,16.2,,,9.1,,,21.8,16.2,30.6,11.4,30.6,co
Pune,"Revenue Colony-Shivajinagar, Pune - IITM",11613,1.1,2025-07-18,12.7,5.9,,,8.4,,,15.8,5.9,51.2,10.5,51.2,co
Pune,"Revenue Colony-Shivajinagar, Pune - IITM",11613,1.4,2025-07-19,15.4,12.1,,,10.5,,,19.3,12.1,67.5,13.1,67.5,co
Pune,"Revenue Colony-Shivajinagar, Pune - IITM",11613,1.2,2025-07-20,14.9,10.8,,,9.2,,,18.6,10.8,55.1,11.5,55.1,co
Pune,"Revenue Colony-Shivajinagar, Pune - IITM",11613,,2025-07-21,,,,,,,,,,,,,
Pune,"Revenue Colony-Shivajinagar, Pune - IITM",11613,0.8,2025-07-22,13.7,7.6,,,8.3,,,17.1,7.6,38.3,10.3,38.3,co
Pune,"Revenue Colony-Shivajinagar, Pune - IITM",11613,1.1,2025-07-23,16.1,12.0,,,7.8,,,20.1,12.0,53.5,9.8,53.5,co
Pune,"Revenue Colony-Shivajinagar, Pune - IITM",11613,1.1,2025-07-24,17.8,7.3,,,9.1,,,22.2,7.3,,11.3,22.2,no2
Pune,"Revenue Colony-Shivajinagar, Pune - IITM",11613,0.5,2025-07-25,17.1,7.9,,,9.2,,,21.4,7.9,26.1,11.4,26.1,co
Pune,"Revenue Colony-Shivajinagar, Pune - IITM",11613,0.5,2025-07-26,15.8,9.2,,,9.3,,,19.7,9.2,23.1,11.6,23.1,co
Pune,"Revenue Colony-Shivajinagar, Pune - IITM",11613,,2025-07-27,,,,,,,,,,,,,
Pune,"Revenue Colony-Shivajinagar, Pune - IITM",11613,1.1,2025-07-28,14.2,13.3,,,9.8,,,17.8,13.3,,12.2,17.8,no2
Pune,"Revenue Colony-Shivajinagar, Pune - IITM",11613,1.2,2025-07-29,13.8,12.4,,,9.5,,,17.3,12.4,56.1,11.9,56.1,co
Pune,"Revenue Colony-Shivajinagar, Pune - IITM",11613,0.8,2025-07-30,15.6,9.1,,,10.3,,,19.5,9.1,39.0,12.9,39.0,co
Pune,"Revenue Colony-Shivajinagar, Pune - IITM",11613,1.9,2025-07-31,17.3,9.0,,,8.6,,,21.6,9.0,94.6,10.8,94.6,co
Pune,"Revenue Colony-Shivajinagar, Pune - IITM",11613,2.2,2025-08-01,16.0,9.8,,,8.1,,,20.0,9.8,102.0,10.1,102.0,co
Pune,"Revenue Colony-Shivajinagar, Pune - IITM",11613,2.2,2025-08-02,14.5,11.5,,,9.7,,,18.2,11.5,101.9,12.1,101.9,co
Pune,"Revenue Colony-Shivajinagar, Pune - IITM",11613,2.4,2025-08-03,12.6,14.2,,,9.6,,,15.7,14.2,104.9,11.9,104.9,co
Pune,"Revenue Colony-Shivajinagar, Pune - IITM",11613,2.5,2025-08-04,14.1,15.4,,,16.8,,,17.7,15.4,106.0,21.0,106.0,co
Pune,"Revenue Colony-Shivajinagar, Pune - IITM",11613,1.9,2025-08-05,13.8,71.0,,,10.5,,,17.3,71.0,95.6,13.2,95.6,co
Pune,"Revenue Colony-Shivajinagar, Pune - IITM",11613,2.1,2025-08-06,18.2,55.5,,,8.7,,,22.7,55.5,101.0,10.9,101.0,co
Pune,"Revenue Colony-Shivajinagar, Pune - IITM",11613,2.0,2025-08-07,17.8,53.1,,,5.2,,,22.2,53.1,98.0,6.4,98.0,co
Pune,"Revenue Colony-Shivajinagar, Pune - IITM",11613,0.8,2025-08-08,16.6,38.1,,,7.3,,,20.8,38.1,38.8,9.2,38.8,co
Pune,"Revenue Colony-Shivajinagar, Pune - IITM",11613,0.6,2025-08-09,13.4,27.4,,,9.9,,,16.7,27.4,30.8,12.3,30.8,co
Pune,"Revenue Colony-Shivajinagar, Pune - IITM",11613,0.7,2025-08-10,9.3,25.5,,,7.2,,,11.6,25.5,34.4,8.9,34.4,co
Pune,"Revenue Colony-Shivajinagar, Pune - IITM",11613,,2025-08-11,,,,,,,,,,,,,
Pune,"Revenue Colony-Shivajinagar, Pune - IITM",11613,,2025-08-12,,,,,,,,,,,,,
Pune,"Revenue Colony-Shivajinagar, Pune - IITM",11613,,2025-08-13,,,,,,,,,,,,,
Pune,"Revenue Colony-Shivajinagar, Pune - IITM",11613,,2025-08-14,,,,,,,,,,,,,
Pune,"Revenue Colony-Shivajinagar, Pune - IITM",11613,,2025-08-15,,,,,,,,,,,,,
Pune,"Revenue Colony-Shivajinagar, Pune - IITM",11613,,2025-08-16,,,,,,,,,,,,,
Pune,"Revenue Colony-Shivajinagar, Pune - IITM",11613,,2025-08-17,,,,,,,,,,,,,
Pune,"Revenue Colony-Shivajinagar, Pune - IITM",11613,,2025-08-18,,,,,,,,,,,,,
Pune,"Revenue Colony-Shivajinagar, Pune - IITM",11613,,2025-08-19,,,,,,,,,,,,,
Pune,"Revenue Colony-Shivajinagar, Pune - IITM",11613,,2025-08-20,,,,,,,,,,,,,
Pune,"Revenue Colony-Shivajinagar, Pune - IITM",11613,,2025-08-21,,,,,,,,,,,,,
Pune,"Revenue Colony-Shivajinagar, Pune - IITM",11613,,2025-08-22,,,,,,,,,,,,,
Pune,"Revenue Colony-Shivajinagar, Pune - IITM",11613,,2025-08-23,,,,,,,,,,,,,
Pune,"Revenue Colony-Shivajinagar, Pune - IITM",11613,,2025-08-24,,,,,,,,,,,,,
Pune,"Revenue Colony-Shivajinagar, Pune - IITM",11613,,2025-08-25,,,,,,,,,,,,,
Pune,"Revenue Colony-Shivajinagar, Pune - IITM",11613,,2025-08-26,,,,,,,,,,,,,
Pune,"Revenue Colony-Shivajinagar, Pune - IITM",11613,,2025-08-27,,,,,,,,,,,,,
Pune,"Revenue Colony-Shivajinagar, Pune - IITM",11613,,2025-08-28,,,,,,,,,,,,,
Pune,"Revenue Colony-Shivajinagar, Pune - IITM",11613,,2025-08-29,,,,,,,,,,,,,
Pune,"Revenue Colony-Shivajinagar, Pune - IITM",11613,,2025-08-30,,,,,,,,,,,,,
Pune,"Revenue Colony-Shivajinagar, Pune - IITM",11613,,2025-08-31,,,,,,,,,,,,,
Pune,"Revenue Colony-Shivajinagar, Pune - IITM",11613,,2025-09-01,,,,,,,,,,,,,
Pune,"Revenue Colony-Shivajinagar, Pune - IITM",11613,,2025-09-02,,,,,,,,,,,,,
Pune,"Revenue Colony-Shivajinagar, Pune - IITM",11613,,2025-09-03,,,,,,,,,,,,,
Pune,"Revenue Colony-Shivajinagar, Pune - IITM",11613,,2025-09-04,,,,,,,,,,,,,
Pune,"Revenue Colony-Shivajinagar, Pune - IITM",11613,,2025-09-05,,,,,,,,,,,,,
Pune,"Revenue Colony-Shivajinagar, Pune - IITM",11613,,2025-09-06,,,,,,,,,,,,,
Pune,"Revenue Colony-Shivajinagar, Pune - IITM",11613,,2025-09-07,,,,,,,,,,,,,
Pune,"Revenue Colony-Shivajinagar, Pune - IITM",11613,,2025-09-08,,,,,,,,,,,,,
Pune,"Revenue Colony-Shivajinagar, Pune - IITM",11613,,2025-09-09,,,,,,,,,,,,,
Pune,"Revenue Colony-Shivajinagar, Pune - IITM",11613,,2025-09-10,,,,,,,,,,,,,
Pune,"Revenue Colony-Shivajinagar, Pune - IITM",11613,,2025-09-11,,,,,,,,,,,,,
Pune,"Revenue Colony-Shivajinagar, Pune - IITM",11613,,2025-09-12,,,,,,,,,,,,,
Pune,"Revenue Colony-Shivajinagar, Pune - IITM",11613,,2025-09-13,,,,,,,,,,,,,
Pune,"Revenue Colony-Shivajinagar, Pune - IITM",11613,,2025-09-14,,,,,,,,,,,,,
Pune,"Revenue Colony-Shivajinagar, Pune - IITM",11613,5.0,2025-09-15,12.9,0.1,,,,,,16.1,0.1,136.8,,136.8,co
Pune,"Revenue Colony-Shivajinagar, Pune - IITM",11613,3.4,2025-09-16,11.0,0.2,,,,,,13.7,0.2,117.5,,117.5,co
Pune,"Revenue Colony-Shivajinagar, Pune - IITM",11613,4.8,2025-09-17,12.5,1.6,,,,,,15.6,1.6,134.5,,134.5,co
Pune,"Revenue Colony-Shivajinagar, Pune - IITM",11613,5.4,2025-09-18,17.6,1.4,,,,,,22.0,1.4,142.0,,142.0,co
Pune,"Revenue Colony-Shivajinagar, Pune - IITM",11613,6.4,2025-09-19,11.0,1.4,,,,,,13.7,1.4,155.1,,155.1,co
Pune,"Revenue Colony-Shivajinagar, Pune - IITM",11613,7.6,2025-09-20,9.3,1.7,,,,,,11.6,1.7,169.7,,169.7,co
Pune,"Revenue Colony-Shivajinagar, Pune - IITM",11613,8.5,2025-09-21,8.4,1.9,,,,,,10.5,1.9,181.2,,181.2,co
Pune,"Revenue Colony-Shivajinagar, Pune - IITM",11613,6.5,2025-09-22,10.0,2.1,,,,,,12.5,2.1,156.7,,156.7,co
Pune,"Revenue Colony-Shivajinagar, Pune - IITM",11613,7.0,2025-09-23,11.1,2.2,,,,,,13.9,2.2,162.9,,162.9,co
Pune,"Revenue Colony-Shivajinagar, Pune - IITM",11613,5.6,2025-09-24,10.4,0.0,,,,,,13.0,0.0,144.7,,144.7,co
Pune,"Revenue Colony-Shivajinagar, Pune - IITM",11613,7.6,2025-09-25,10.4,0.0,,,,,,13.0,0.0,169.5,,169.5,co
Pune,"Revenue Colony-Shivajinagar, Pune - IITM",11613,7.4,2025-09-26,13.2,0.0,,,,,,16.5,0.0,167.1,,167.1,co
Pune,"Revenue Colony-Shivajinagar, Pune - IITM",11613,6.7,2025-09-27,11.6,0.0,,,,,,14.4,0.0,158.8,,158.8,co
Pune,"Revenue Colony-Shivajinagar, Pune - IITM",11613,6.0,2025-09-28,10.7,0.0,,,,,,13.4,0.0,149.9,,149.9,co
Pune,"Revenue Colony-Shivajinagar, Pune - IITM",11613,6.0,2025-09-29,12.7,0.0,,,,,,15.9,0.0,149.9,,149.9,co
Pune,"Revenue Colony-Shivajinagar, Pune - IITM",11613,7.0,2025-09-30,11.1,0.0,,,,,,13.9,0.0,162.4,,162.4,co
Pune,"Revenue Colony-Shivajinagar, Pune - IITM",11613,5.6,2025-10-01,11.6,1.6,,,,,,14.5,1.6,145.2,,145.2,co
Pune,"Revenue Colony-Shivajinagar, Pune - IITM",11613,6.5,2025-10-02,9.9,1.7,,,,,,12.4,1.7,156.7,,156.7,co
Pune,"Revenue Colony-Shivajinagar, Pune - IITM",11613,6.9,2025-10-03,9.8,1.7,,,,,,12.3,1.7,161.3,,161.3,co
Pune,"Revenue Colony-Shivajinagar, Pune - IITM",11613,7.3,2025-10-04,9.5,0.7,,,,,,11.9,0.7,166.1,,166.1,co
Pune,"Revenue Colony-Shivajinagar, Pune - IITM",11613,7.1,2025-10-05,9.7,0.6,,,,,,12.1,0.6,163.5,,163.5,co
Pune,"Revenue Colony-Shivajinagar, Pune - IITM",11613,9.6,2025-10-06,10.8,0.7,,,,,,13.5,0.7,194.8,,194.8,co
Pune,"Revenue Colony-Shivajinagar, Pune - IITM",11613,6.4,2025-10-07,12.4,0.5,,,,,,15.5,0.5,154.6,,154.6,co
Pune,"Revenue Colony-Shivajinagar, Pune - IITM",11613,,2025-10-08,,,,,,,,,,,,,
Pune,"Revenue Colony-Shivajinagar, Pune - IITM",11613,,2025-10-09,,,,,,,,,,,,,
Pune,"Revenue Colony-Shivajinagar, Pune - IITM",11613,0.5,2025-10-10,19.1,12.0,,,0.8,,,23.8,12.0,25.4,1.0,25.4,co
Pune,"Revenue Colony-Shivajinagar, Pune - IITM",11613,0.5,2025-10-11,18.4,12.0,,,0.6,,,23.0,12.0,25.8,0.8,25.8,co
Pune,"Revenue Colony-Shivajinagar, Pune - IITM",11613,0.5,2025-10-12,20.1,13.1,,,0.7,,,25.1,13.1,25.3,0.9,25.3,co
Pune,"Revenue Colony-Shivajinagar, Pune - IITM",11613,0.5,2025-10-13,21.7,13.1,,,1.1,,,27.1,13.1,25.4,1.4,27.1,no2
Pune,"Revenue Colony-Shivajinagar, Pune - IITM",11613,0.5,2025-10-14,23.1,103.2,,,1.4,,,28.8,104.3,25.2,1.7,104.3,o3
Pune,"Revenue Colony-Shivajinagar, Pune - IITM",11613,3.8,2025-10-15,20.6,115.2,,,1.0,,,25.7,122.1,121.7,1.3,122.1,o3
Pune,"Revenue Colony-Shivajinagar, Pune - IITM",11613,6.2,2025-10-16,17.5,117.8,,,1.1,,,21.9,125.8,152.3,1.4,152.3,co
Pune,"Revenue Colony-Shivajinagar, Pune - IITM",11613,3.2,2025-10-17,21.5,124.2,,,1.3,,,26.8,135.4,115.0,1.6,135.4,o3
Pune,"Revenue Colony-Shivajinagar, Pune - IITM",11613,2.6,2025-10-18,20.3,130.9,,,1.1,,,25.4,145.2,107.9,1.3,145.2,o3
Pune,"Revenue Colony-Shivajinagar, Pune - IITM",11613,2.9,2025-10-19,19.4,108.6,,,1.0,,,24.2,112.2,111.2,1.2,112.2,o3
Pune,"Revenue Colony-Shivajinagar, Pune - IITM",11613,3.8,2025-10-20,24.2,120.2,,,0.9,,,30.3,129.3,121.9,1.2,129.3,o3
Pune,"Revenue Colony-Shivajinagar, Pune - IITM",11613,5.1,2025-10-21,14.2,125.5,,,0.7,,,17.7,137.2,139.0,0.9,139.0,co
Pune,"Revenue Colony-Shivajinagar, Pune - IITM",11613,5.4,2025-10-22,13.0,120.4,,,0.8,,,16.3,129.7,142.9,1.0,142.9,co
Pune,"Revenue Colony-Shivajinagar, Pune - IITM",11613,5.9,2025-10-23,11.9,147.2,,,0.7,,,14.9,169.2,148.7,0.9,169.2,o3
Pune,"Revenue Colony-Shivajinagar, Pune - IITM",11613,3.1,2025-10-24,10.1,125.7,,,0.9,,,12.7,137.5,113.5,1.1,137.5,o3
Pune,"Revenue Colony-Shivajinagar, Pune - IITM",11613,1.8,2025-10-25,10.4,97.8,,,0.9,,,13.0,97.8,91.5,1.2,97.8,o3
Pune,"Revenue Colony-Shivajinagar, Pune - IITM",11613,1.4,2025-10-26,7.2,73.1,,,0.8,,,8.9,73.1,68.2,1.0,73.1,o3
Pune,"Revenue Colony-Shivajinagar, Pune - IITM",11613,3.3,2025-10-27,9.9,111.8,,,0.9,,,12.4,117.0,115.9,1.1,117.0,o3
Pune,"Revenue Colony-Shivajinagar, Pune - IITM",11613,2.1,2025-10-28,12.1,125.4,,,1.0,,,15.1,137.1,,1.2,137.1,o3
Pune,"Revenue Colony-Shivajinagar, Pune - IITM",11613,3.0,2025-10-29,12.1,106.8,,,1.8,,,15.1,109.5,111.9,2.2,111.9,co
Pune,"Revenue Colony-Shivajinagar, Pune - IITM",11613,1.0,2025-10-30,12.2,51.6,,,1.7,,,15.2,51.6,49.5,2.1,51.6,o3
Pune,"Revenue Colony-Shivajinagar, Pune - IITM",11613,2.3,2025-10-31,16.5,18.6,,,3.1,,,20.6,18.6,103.5,3.8,103.5,co
Pune,"Revenue Colony-Shivajinagar, Pune - IITM",11613,1.6,2025-11-01,15.8,6.6,,,5.5,,,19.7,6.6,76.9,6.9,76.9,co
Pune,"Revenue Colony-Shivajinagar, Pune - IITM",11613,0.9,2025-11-02,9.5,10.4,,,3.1,,,11.9,10.4,46.3,3.8,46.3,co
Pune,"Revenue Colony-Shivajinagar, Pune - IITM",11613,0.9,2025-11-03,12.4,15.0,,,4.0,,,15.5,15.0,43.3,5.0,43.3,co
Pune,"Revenue Colony-Shivajinagar, Pune - IITM",11613,1.0,2025-11-04,10.3,57.6,,,2.4,,,12.9,57.6,,3.0,57.6,o3
Pune,"Revenue Colony-Shivajinagar, Pune - IITM",11613,2.0,2025-11-05,19.2,33.2,,,6.3,,,24.0,33.2,,7.9,33.2,o3
Pune,"Revenue Colony-Shivajinagar, Pune - IITM",11613,2.0,2025-11-06,37.7,18.4,,,3.5,,,47.2,18.4,98.0,4.3,98.0,co
Pune,"Revenue Colony-Shivajinagar, Pune - IITM",11613,1.7,2025-11-07,52.3,40.6,,,6.3,,,65.2,40.6,85.8,7.9,85.8,co
Pune,"Revenue Colony-Shivajinagar, Pune - IITM",11613,1.6,2025-11-08,32.4,48.0,,,2.9,,,40.5,48.0,80.8,3.7,80.8,co
Pune,"Revenue Colony-Shivajinagar, Pune - IITM",11613,1.5,2025-11-09,28.9,71.1,,,4.9,,,36.2,71.1,70.5,6.2,71.1,o3
Pune,"Revenue Colony-Shivajinagar, Pune - IITM",11613,1.9,2025-11-10,47.5,15.7,,,6.8,,,59.2,15.7,94.6,8.5,94.6,co
Pune,"Revenue Colony-Shivajinagar, Pune - IITM",11613,2.2,2025-11-11,60.5,46.9,,,7.6,,,75.5,46.9,102.1,9.4,102.1,co
Pune,"Revenue Colony-Shivajinagar, Pune - IITM",11613,4.1,2025-11-12,40.8,54.7,,,8.0,,,,54.7,126.3,10.0,126.3,co
Pune,"Revenue Colony-Shivajinagar, Pune - IITM",11613,4.3,2025-11-13,52.4,44.6,,,3.5,,,65.3,44.6,128.1,4.4,128.1,co
Pune,"Revenue Colony-Shivajinagar, Pune - IITM",11613,4.4,2025-11-14,51.8,43.1,,,5.8,,,64.6,43.1,130.4,7.2,130.4,co
Pune,"Revenue Colony-Shivajinagar, Pune - IITM",11613,4.3,2025-11-15,79.6,42.4,,,11.2,,,99.4,42.4,128.7,14.0,128.7,co
Pune,"Revenue Colony-Shivajinagar, Pune - IITM",11613,3.1,2025-11-16,53.3,51.4,,,5.5,,,66.4,51.4,114.0,6.9,114.0,co
Pune,"Revenue Colony-Shivajinagar, Pune - IITM",11613,3.2,2025-11-17,70.2,48.3,,,8.8,,,87.7,48.3,114.7,11.0,114.7,co
Pune,"Revenue Colony-Shivajinagar, Pune - IITM",11613,4.9,2025-11-18,85.6,4.8,,,12.5,,,105.6,4.8,135.8,15.6,135.8,co
Pune,"Revenue Colony-Shivajinagar, Pune - IITM",11613,4.4,2025-11-19,53.6,76.3,,,10.5,,,66.9,76.3,129.9,13.1,129.9,co
Pune,"Revenue Colony-Shivajinagar, Pune - IITM",11613,5.0,2025-11-20,68.2,53.7,,,5.4,,,85.2,53.7,137.6,6.8,137.6,co
Pune,"Revenue Colony-Shivajinagar, Pune - IITM",11613,4.7,2025-11-21,90.7,44.4,,,10.8,,,110.7,44.4,133.7,13.5,133.7,co
Pune,"Revenue Colony-Shivajinagar, Pune - IITM",11613,3.7,2025-11-22,46.4,39.7,,,7.3,,,57.8,39.7,121.0,9.1,121.0,co
Pune,"Revenue Colony-Shivajinagar, Pune - IITM",11613,2.1,2025-11-23,17.7,69.0,,,7.4,,,22.1,69.0,,9.3,69.0,o3
Pune,"Revenue Colony-Shivajinagar, Pune - IITM",11613,3.0,2025-11-24,63.9,38.6,,,7.1,,,79.8,38.6,112.8,8.9,112.8,co
Pune,"Revenue Colony-Shivajinagar, Pune - IITM",11613,3.2,2025-11-25,76.5,29.0,,,6.7,,,95.6,29.0,114.2,8.4,114.2,co
Pune,"Revenue Colony-Shivajinagar, Pune - IITM",11613,3.9,2025-11-26,71.5,26.2,,,9.7,,,89.3,26.2,123.2,12.1,123.2,co
Pune,"Revenue Colony-Shivajinagar, Pune - IITM",11613,3.4,2025-11-27,53.2,29.5,,,10.2,,,66.4,29.5,116.9,12.8,116.9,co
Pune,"Revenue Colony-Shivajinagar, Pune - IITM",11613,2.6,2025-11-28,50.4,32.3,,,3.4,,,62.8,32.3,107.8,4.2,107.8,co
Pune,"Revenue Colony-Shivajinagar, Pune - IITM",11613,2.5,2025-11-29,58.2,36.5,,,6.8,,,72.7,36.5,105.7,8.5,105.7,co
Pune,"Revenue Colony-Shivajinagar, Pune - IITM",11613,4.1,2025-11-30,84.9,51.9,,,8.0,,,104.9,51.9,125.9,10.0,125.9,co
Pune,"Revenue Colony-Shivajinagar, Pune - IITM",11613,3.8,2025-12-01,50.9,54.8,,,6.7,,,63.4,54.8,122.6,8.4,122.6,co
Pune,"Revenue Colony-Shivajinagar, Pune - IITM",11613,5.4,2025-12-02,62.7,47.2,,,11.3,,,78.2,47.2,142.7,14.1,142.7,co
Pune,"Revenue Colony-Shivajinagar, Pune - IITM",11613,4.1,2025-12-03,84.3,77.2,,,14.1,,,104.3,77.2,125.7,17.7,125.7,co
Pune,"Revenue Colony-Shivajinagar, Pune - IITM",11613,3.7,2025-12-04,87.5,29.0,,,8.0,,,107.5,29.0,120.5,10.0,120.5,co
Pune,"Revenue Colony-Shivajinagar, Pune - IITM",11613,2.8,2025-12-05,85.4,50.4,,,10.7,,,105.4,,109.5,13.3,109.5,co
Pune,"Revenue Colony-Shivajinagar, Pune - IITM",11613,4.1,2025-12-06,76.6,55.8,,,12.9,,,95.8,55.8,126.0,16.1,126.0,co
Pune,"Revenue Colony-Shivajinagar, Pune - IITM",11613,4.1,2025-12-07,58.7,64.2,,,7.2,,,73.2,64.2,126.3,8.9,126.3,co
Pune,"Revenue Colony-Shivajinagar, Pune - IITM",11613,3.8,2025-12-08,90.7,51.7,,,14.2,,,110.7,51.7,121.9,17.7,121.9,co
Pune,"Revenue Colony-Shivajinagar, Pune - IITM",11613,4.1,2025-12-09,75.5,37.3,,,18.8,,,94.3,37.3,125.5,23.5,125.5,co
Pune,"Revenue Colony-Shivajinagar, Pune - IITM",11613,6.3,2025-12-10,56.2,31.2,,,10.3,,,70.1,31.2,153.9,12.9,153.9,co
Pune,"Revenue Colony-Shivajinagar, Pune - IITM",11613,4.3,2025-12-11,82.1,34.5,,,16.4,,,102.1,34.5,128.1,20.5,128.1,co
Pune,"Revenue Colony-Shivajinagar, Pune - IITM",11613,4.2,2025-12-12,83.9,41.4,,,18.0,,,103.9,41.4,127.7,22.5,127.7,co
Pune,"Revenue Colony-Shivajinagar, Pune - IITM",11613,5.0,2025-12-13,57.8,59.2,,,7.3,,,72.2,59.2,137.0,9.1,137.0,co
Pune,"Revenue Colony-Shivajinagar, Pune - IITM",11613,4.3,2025-12-14,49.6,51.3,,,6.7,,,61.8,51.3,129.1,8.3,129.1,co
Pune,"Revenue Colony-Shivajinagar, Pune - IITM",11613,4.4,2025-12-15,63.8,55.0,,,8.0,,,79.6,55.0,129.5,10.0,129.5,co
Pune,"Revenue Colony-Shivajinagar, Pune - IITM",11613,5.0,2025-12-16,82.4,46.3,,,5.9,,,102.4,46.3,137.3,7.4,137.3,co
Pune,"Revenue Colony-Shivajinagar, Pune - IITM",11613,5.8,2025-12-17,63.7,64.2,,,15.6,,,79.5,64.2,147.7,19.5,147.7,co
Pune,"Revenue Colony-Shivajinagar, Pune - IITM",11613,6.2,2025-12-18,82.5,41.0,,,14.2,,,102.5,41.0,151.9,17.8,151.9,co
Pune,"Revenue Colony-Shivajinagar, Pune - IITM",11613,5.0,2025-12-19,57.0,32.3,,,4.6,,,71.1,32.3,137.3,5.7,137.3,co
Pune,"Revenue Colony-Shivajinagar, Pune - IITM",11613,4.2,2025-12-20,90.2,39.2,,,10.7,,,110.2,39.2,127.6,13.4,127.6,co
Pune,"Revenue Colony-Shivajinagar, Pune - IITM",11613,4.0,2025-12-21,88.6,54.6,,,18.3,,,108.6,54.6,124.5,22.9,124.5,co
Pune,"Revenue Colony-Shivajinagar, Pune - IITM",11613,6.0,2025-12-22,97.8,46.1,,,18.4,,,117.8,46.1,149.3,23.1,149.3,co
Pune,"Revenue Colony-Shivajinagar, Pune - IITM",11613,5.5,2025-12-23,93.0,41.2,,,18.5,,,113.0,41.2,144.1,23.2,144.1,co
Pune,"Revenue Colony-Shivajinagar, Pune - IITM",11613,5.3,2025-12-24,90.5,32.0,,,14.0,,,110.5,32.0,141.2,17.5,141.2,co
Pune,"Revenue Colony-Shivajinagar, Pune - IITM",11613,4.1,2025-12-25,95.3,49.5,,,14.5,,,115.3,49.5,126.0,18.1,126.0,co
Pune,"Revenue Colony-Shivajinagar, Pune - IITM",11613,5.7,2025-12-26,92.3,50.0,,,13.4,,,112.3,50.0,146.7,16.8,146.7,co
Pune,"Revenue Colony-Shivajinagar, Pune - IITM",11613,4.0,2025-12-27,93.1,56.3,,,13.6,,,113.1,56.3,125.4,17.0,125.4,co
Pune,"Revenue Colony-Shivajinagar, Pune - IITM",11613,4.0,2025-12-28,95.4,72.8,,,13.5,,,115.4,72.8,125.3,16.9,125.3,co
Pune,"Revenue Colony-Shivajinagar, Pune - IITM",11613,3.8,2025-12-29,90.6,55.0,,,15.1,,,110.6,55.0,122.7,18.9,122.7,co
Pune,"Revenue Colony-Shivajinagar, Pune - IITM",11613,2.2,2025-12-30,77.9,74.7,,,11.2,,,97.4,74.7,101.7,14.0,101.7,co
Pune,"Revenue Colony-Shivajinagar, Pune - IITM",11613,1.9,2025-12-31,48.0,23.3,,,7.9,,,59.8,23.3,93.9,9.9,93.9,co
Pune,"Revenue Colony-Shivajinagar, Pune - IITM",11613,2.0,2026-01-01,31.8,41.7,,,12.6,,,39.7,41.7,,15.8,41.7,o3
Pune,"Revenue Colony-Shivajinagar, Pune - IITM",11613,2.4,2026-01-02,30.5,21.9,,,4.3,,,38.2,21.9,105.2,5.3,105.2,co
Pune,"Revenue Colony-Shivajinagar, Pune - IITM",11613,3.2,2026-01-03,51.2,22.6,,,3.0,,,63.9,22.6,114.5,3.7,114.5,co
Pune,"Revenue Colony-Shivajinagar, Pune - IITM",11613,2.5,2026-01-04,48.7,20.4,,,2.6,,,60.7,20.4,106.5,3.3,106.5,co
Pune,"Revenue Colony-Shivajinagar, Pune - IITM",11613,3.8,2026-01-05,53.3,13.4,,,4.1,,,66.4,13.4,122.7,5.1,122.7,co
Pune,"Revenue Colony-Shivajinagar, Pune - IITM",11613,3.9,2026-01-06,59.0,13.5,,,3.3,,,73.7,13.5,123.5,4.1,123.5,co
Pune,"Revenue Colony-Shivajinagar, Pune - IITM",11613,4.8,2026-01-07,62.5,8.0,,,6.4,,,78.0,8.0,135.1,8.0,135.1,co
Pune,"Revenue Colony-Shivajinagar, Pune - IITM",11613,3.8,2026-01-08,77.2,12.5,,,11.4,,,96.5,12.5,122.0,14.2,122.0,co
Pune,"Revenue Colony-Shivajinagar, Pune - IITM",11613,4.0,2026-01-09,72.3,39.4,,,9.0,,,90.3,39.4,124.5,11.3,124.5,co
Pune,"Revenue Colony-Shivajinagar, Pune - IITM",11613,3.3,2026-01-10,87.5,49.0,,,21.2,,,107.5,49.0,115.5,26.5,115.5,co
Pune,"Revenue Colony-Shivajinagar, Pune - IITM",11613,,2026-01-11,,,,,,,,,,,,,
Pune,"Revenue Colony-Shivajinagar, Pune - IITM",11613,,2026-01-12,,,,,,,,,,,,,
Pune,"Revenue Colony-Shivajinagar, Pune - IITM",11613,,2026-01-13,,,,,,,,,,,,,
Pune,"Revenue Colony-Shivajinagar, Pune - IITM",11613,,2026-01-14,,,,,,,,,,,,,
Pune,"Revenue Colony-Shivajinagar, Pune - IITM",11613,,2026-01-15,,,,,,,,,,,,,
Pune,"Revenue Colony-Shivajinagar, Pune - IITM",11613,,2026-01-16,,,,,,,,,,,,,
Pune,"Revenue Colony-Shivajinagar, Pune - IITM",11613,,2026-01-17,,,,,,,,,,,,,
Pune,"Revenue Colony-Shivajinagar, Pune - IITM",11613,,2026-01-18,,,,,,,,,,,,,
Pune,"Revenue Colony-Shivajinagar, Pune - IITM",11613,,2026-01-19,,,,,,,,,,,,,
Pune,"Revenue Colony-Shivajinagar, Pune - IITM",11613,1.6,2026-01-20,40.0,47.8,,,5.9,,,,47.8,79.8,7.4,79.8,co
Pune,"Revenue Colony-Shivajinagar, Pune - IITM",11613,2.3,2026-01-21,77.2,34.2,,,6.6,,,96.5,34.2,103.6,8.2,103.6,co
Pune,"Revenue Colony-Shivajinagar, Pune - IITM",11613,2.3,2026-01-22,40.8,19.9,,,15.6,,,,19.9,103.9,19.5,103.9,co
Pune,"Revenue Colony-Shivajinagar, Pune - IITM",11613,1.5,2026-01-23,29.2,47.2,,,10.5,,,36.5,47.2,74.5,13.2,74.5,co
Pune,"Revenue Colony-Shivajinagar, Pune - IITM",11613,2.2,2026-01-24,66.6,25.9,,,9.5,,,83.1,25.9,101.9,11.9,101.9,co
Pune,"Revenue Colony-Shivajinagar, Pune - IITM",11613,2.6,2026-01-25,49.1,30.0,,,6.4,,,61.2,30.0,107.2,8.0,107.2,co
Pune,"Revenue Colony-Shivajinagar, Pune - IITM",11613,1.7,2026-01-26,50.0,30.8,,,7.7,,,62.3,30.8,84.3,9.6,84.3,co
Pune,"Revenue Colony-Shivajinagar, Pune - IITM",11613,1.8,2026-01-27,34.9,42.5,,,7.5,,,43.6,42.5,89.5,9.4,89.5,co
Pune,"Revenue Colony-Shivajinagar, Pune - IITM",11613,1.4,2026-01-28,54.6,18.4,,,5.4,,,68.1,18.4,69.6,6.8,69.6,co
